[2m2026-09-20T23:39:28.462702Z[0m [32m INFO[0m [2mspark::main_modules::serve[0m[2m:[0m Atlas Spark starting...
[2m2026-09-20T23:39:28.462775Z[0m [32m INFO[0m [2mspark::main_modules::serve[0m[2m:[0m Licensed under AGPL-3.0-only — see /LICENSE in this container
[2m2026-09-20T23:39:28.463528Z[0m [32m INFO[0m [2mspark::model_resolver[0m[2m:[0m Model path: /home/flocka/atlas/qwen38/optimized-qwen (local directory)
[2m2026-09-20T23:39:28.463532Z[0m [32m INFO[0m [2mspark::main_modules::serve[0m[2m:[0m Port: 8896
[2m2026-09-20T23:39:28.463534Z[0m [32m INFO[0m [2mspark::main_modules::serve[0m[2m:[0m SSM decode dtype: f32 (full precision)
[2m2026-09-20T23:39:28.463784Z[0m [32m INFO[0m [2mspark::main_modules::serve[0m[2m:[0m Quantization config: method="modelopt", algo="NVFP4", format="", 244 module(s) in ignore list
[2m2026-09-20T23:39:28.463788Z[0m [32m INFO[0m [2mspark::main_modules::serve[0m[2m:[0m Model config: 64 layers, 16 attention, 48 SSM, 0 experts, rope_theta=10000000, head_dim=256, rotary_dim=64
[2m2026-09-20T23:39:28.463793Z[0m [32m INFO[0m [2mspark::main_modules::serve[0m[2m:[0m Selected kernel target: (sm_121, qwen3.8-27b, nvfp4) (160 modules)
[2m2026-09-20T23:39:28.951307Z[0m [32m INFO[0m [2mspark_runtime::cuda_backend[0m[2m:[0m AtlasCudaBackend initialized on GPU 0 with 160 PTX modules
[2m2026-09-20T23:39:28.951428Z[0m [32m INFO[0m [2mspark::main_modules::serve_phases::preflight[0m[2m:[0m GPU 0: 119.7 GB total, 110.2 GB free
[2m2026-09-20T23:39:28.951686Z[0m [32m INFO[0m [2mspark::main_modules::serve_phases::preflight[0m[2m:[0m Preflight reserve: inference=13086 MB, buffer_arena=2870 MB (pre-load free: 110.2 GB)
[2m2026-09-20T23:39:28.951694Z[0m [32m INFO[0m [2mspark::main_modules::serve[0m[2m:[0m OOM watchdog started (threshold: 2 GB, interval: 2s)
[2m2026-09-20T23:39:28.951697Z[0m [32m INFO[0m [2mspark::main_modules::serve[0m[2m:[0m OOM guard reserve: 4096 MB
[2m2026-09-20T23:39:28.951712Z[0m [32m INFO[0m [2mspark::main_modules::serve_phases::weights[0m[2m:[0m Model-construction overhead estimate: 38.50 GB retained after the weight store loads — SSM linear-attn 17.56 GB (48 layers), dense-FFN transposes 8.96 GB, FlashInfer FFN scales 1.00 GB, merged gate/up 5.31 GB, FlashInfer FFN activation scratch 4.78 GB, attention transposes 0.88 GB (16 layers). Charged to the load pre-flight on top of the 1.02x on-disk ratio. Excludes lm_head / MTP / ViT / DFlash drafter.
[2m2026-09-20T23:39:28.951716Z[0m [32m INFO[0m [2mspark::main_modules::serve_phases::weights[0m[2m:[0m Using fast weight loader (O_DIRECT + pipelined read/copy)
[2m2026-09-20T23:39:28.959727Z[0m [32m INFO[0m [2mspark_runtime::fast_weights[0m[2m:[0m Fast-load pre-flight: 24.57 GB on-disk, 1.0x overhead + 38.50 GB model-construction = 63.56 GB peak, 110.15 GB free, 4.0 GB reserve (FP8: false)
[2m2026-09-20T23:39:28.959803Z[0m [32m INFO[0m [2mspark_runtime::fast_weights[0m[2m:[0m Fast-loading shard 1/7: model-00001-of-00006.safetensors (361 tensors)
[2m2026-09-20T23:39:29.421044Z[0m [32m INFO[0m [2mspark_runtime::fast_weights[0m[2m:[0m   Shard 1/7 done — GPU memory: 4.12 GB used, 106.03 GB free
[2m2026-09-20T23:39:29.421127Z[0m [32m INFO[0m [2mspark_runtime::fast_weights[0m[2m:[0m Fast-loading shard 2/7: model-00002-of-00006.safetensors (360 tensors)
[2m2026-09-20T23:39:29.867140Z[0m [32m INFO[0m [2mspark_runtime::fast_weights[0m[2m:[0m   Shard 2/7 done — GPU memory: 7.98 GB used, 102.17 GB free
[2m2026-09-20T23:39:29.867219Z[0m [32m INFO[0m [2mspark_runtime::fast_weights[0m[2m:[0m Fast-loading shard 3/7: model-00003-of-00006.safetensors (370 tensors)
[2m2026-09-20T23:39:30.310278Z[0m [32m INFO[0m [2mspark_runtime::fast_weights[0m[2m:[0m   Shard 3/7 done — GPU memory: 11.90 GB used, 98.25 GB free
[2m2026-09-20T23:39:30.310364Z[0m [32m INFO[0m [2mspark_runtime::fast_weights[0m[2m:[0m Fast-loading shard 4/7: model-00004-of-00006.safetensors (357 tensors)
[2m2026-09-20T23:39:30.759151Z[0m [32m INFO[0m [2mspark_runtime::fast_weights[0m[2m:[0m   Shard 4/7 done — GPU memory: 15.73 GB used, 94.43 GB free
[2m2026-09-20T23:39:30.759319Z[0m [32m INFO[0m [2mspark_runtime::fast_weights[0m[2m:[0m Fast-loading shard 5/7: model-00005-of-00006.safetensors (560 tensors)
[2m2026-09-20T23:39:31.270028Z[0m [32m INFO[0m [2mspark_runtime::fast_weights[0m[2m:[0m   Shard 5/7 done — GPU memory: 19.57 GB used, 90.58 GB free
[2m2026-09-20T23:39:31.270148Z[0m [32m INFO[0m [2mspark_runtime::fast_weights[0m[2m:[0m Fast-loading shard 6/7: model-00006-of-00006.safetensors (88 tensors)
[2m2026-09-20T23:39:31.959982Z[0m [32m INFO[0m [2mspark_runtime::fast_weights[0m[2m:[0m   Shard 6/7 done — GPU memory: 24.77 GB used, 85.38 GB free
[2m2026-09-20T23:39:31.960036Z[0m [32m INFO[0m [2mspark_runtime::fast_weights[0m[2m:[0m Fast-loading shard 7/7: nvfp4_experts_mtp.safetensors (15 tensors)
[2m2026-09-20T23:39:32.047896Z[0m [32m INFO[0m [2mspark_runtime::fast_weights[0m[2m:[0m   Shard 7/7 done — GPU memory: 25.95 GB used, 84.20 GB free
[2m2026-09-20T23:39:32.047958Z[0m [32m INFO[0m [2mspark_runtime::fast_weights[0m[2m:[0m Fast-loaded 2111 weight tensors
[2m2026-09-20T23:39:32.047991Z[0m [32m INFO[0m [2mspark::main_modules::serve_phases::weights[0m[2m:[0m Loaded 2111 weight tensors
[2m2026-09-20T23:39:32.047994Z[0m [32m INFO[0m [2mspark::main_modules::serve_phases::weights[0m[2m:[0m Weight prefix: model.language_model
[2m2026-09-20T23:39:32.048246Z[0m [32m INFO[0m [2mspark_model::preflight[0m[2m:[0m Pre-flight checks passed
[2m2026-09-20T23:39:32.048383Z[0m [32m INFO[0m [2mspark_model::quant_format[0m[2m:[0m QuantFormat: modelopt (algo="NVFP4"), 244 ignored module(s)
[2m2026-09-20T23:39:32.048510Z[0m [32m INFO[0m [2mspark::main_modules::serve[0m[2m:[0m Quantization format: modelopt (base variant Standard), ignored globs = 244
[2m2026-09-20T23:39:32.048546Z[0m [32m INFO[0m [2mspark::main_modules::serve_phases::preflight[0m[2m:[0m GDN chunked prefill reserve: 355 MB (chunk_size=8192, max_seq_len=12288)
[2m2026-09-20T23:39:32.048548Z[0m [32m INFO[0m [2mspark::main_modules::serve_phases::preflight[0m[2m:[0m Weights: 24.57 GB, estimated free: 85.6 GB, actual free: 84.2 GB (reserve: 13086 MB)
[2m2026-09-20T23:39:32.048553Z[0m [32m INFO[0m [2mspark::main_modules::serve_phases::kv_cache[0m[2m:[0m Prefill config: ssm_prefill_chunk=8192, args.max_prefill_tokens=8192, prefill_budget=8192, max_batch_tokens=8193
[2m2026-09-20T23:39:32.048556Z[0m [32m INFO[0m [2mspark::main_modules::serve_phases::build[0m[2m:[0m Prefix caching: disabled
[2m2026-09-20T23:39:32.238521Z[0m [32m INFO[0m [2mspark::main_modules::serve_phases::config[0m[2m:[0m Capping vocab_size from 248320 to 248077 (tokenizer)
[2m2026-09-20T23:39:32.241343Z[0m [33m WARN[0m [2mspark::main_modules::serve_phases::kv_cache[0m[2m:[0m ⚠ --kv-high-precision-layers is 0: all KV cache layers use nvfp4 precision. NVFP4 models may hallucinate or lose coherence at long context. Consider --kv-high-precision-layers max (or 2-5) for better quality.
[2m2026-09-20T23:39:32.241362Z[0m [32m INFO[0m [2mspark::main_modules::serve_phases::weights[0m[2m:[0m DFlash: resolving drafter '/home/flocka/models/z-lab-Qwen3.8-27B-DFlash2'
[2m2026-09-20T23:39:32.243180Z[0m [32m INFO[0m [2mspark::model_resolver[0m[2m:[0m Model path: /home/flocka/models/z-lab-Qwen3.8-27B-DFlash2 (local directory)
[2m2026-09-20T23:39:32.245101Z[0m [32m INFO[0m [2mspark_runtime::weights::loader[0m[2m:[0m Pre-flight estimate: 3.58 GB on-disk weights, 1.3x overhead + 0.00 GB model-construction = 4.66 GB peak, 84.18 GB free, 0.0 GB reserve (FP8: false)
[2m2026-09-20T23:39:42.648832Z[0m [32m INFO[0m [2mspark::main_modules::serve_phases::weights[0m[2m:[0m DFlash drafter store: 81 tensors, 3848808960 bytes
[2m2026-09-20T23:39:42.648890Z[0m [32m INFO[0m [2mspark_model::factory::build[0m[2m:[0m DFlash: target layer capture indices = [5, 19, 33, 47, 61] (offset=0 from raw [5, 19, 33, 47, 61])
[2m2026-09-20T23:39:42.648994Z[0m [32m INFO[0m [2mspark_model::weight_loader::qwen35_dense[0m[2m:[0m Weight format: Nvfp4, NVFP4 variant: Standard
[2m2026-09-20T23:39:42.658008Z[0m [32m INFO[0m [2mspark_model::weight_loader::transform_cache[0m[2m:[0m weight cache HIT: 352 slots, 12.74 GiB at /home/flocka/.cache/atlas-weight-cache/4a8bc2f7bd17b12854729750cf03db58
[2m2026-09-20T23:39:42.660107Z[0m [32m INFO[0m [2mspark_model::weight_loader::transform_cache::evict[0m[2m:[0m weight cache: eviction ON — budget 32.00 GiB, currently 2 dirs / 25.49 GiB
[2m2026-09-20T23:39:42.660502Z[0m [32m INFO[0m [2mspark_model::layers::dense_ffn[0m[2m:[0m enabled checkpoint-static W4A4 activation scales [3mgate_up_input_scale[0m[2m=[0m0.0011393229942768812 [3mdown_input_scale[0m[2m=[0m0.0012730190064758062
[2m2026-09-20T23:39:42.827955Z[0m [32m INFO[0m [2mspark_model::layers::dense_ffn[0m[2m:[0m admitted FlashInfer SM121 FFN prefill operands [3mlayer[0m[2m=[0m0 [3mlibrary[0m[2m=[0m/var/tmp/atlas-qwen38-fi-attn-build-20260828-09ce21ada384/artifact/libatlas_fi_fp4_sm121.so [3mlibrary_sha256[0m[2m=[0ma007a82566ca3d3115c8cc0e73e2bbfc0bd1c76b6342313fba7ee5483e49c020 [3mlibrary_device[0m[2m=[0m1 [3mlibrary_inode[0m[2m=[0m406801 [3mmerged_gate_up_weight[0m[2m=[0m0xf6df0d800000 [3mdown_weight[0m[2m=[0m0xf6e6e5e00000 [3mmerged_gate_up_weight_hash[0m[2m=[0mb32dc7c34462e585 [3mmerged_gate_up_scale_hash[0m[2m=[0m4e107b44c4bf69c7 [3mdown_scale_hash[0m[2m=[0m44707abb7231ef5d [3mmerged_gate_up_alpha_bits[0m[2m=[0m342aaaac [3mdown_alpha_bits[0m[2m=[0m34fe422e [3mmerged_gate_up_retained_bytes[0m[2m=[0m100270084 [3mscratch_cap_m[0m[2m=[0m8192 [3mscratch_cap_k[0m[2m=[0m17408 [3mscratch_packed_bytes[0m[2m=[0m71303168 [3mscratch_scale_bytes[0m[2m=[0m8912896
[2m2026-09-20T23:39:43.086229Z[0m [32m INFO[0m [2mspark_model::weight_loader::qwen35_dense::ffn[0m[2m:[0m Dense FFN M_TILE=16 transposed-weight path enabled (ATLAS_FFN_M16_TRANSPOSED=1): transposed gate/up/down per layer for w4a16_gemm_n128_m16
[2m2026-09-20T23:39:43.086284Z[0m [32m INFO[0m [2mspark_model::weight_map::model_a[0m[2m:[0m dense_keep_f32: promoting model.language_model.layers.0.linear_attn.A_log from BF16 to FP32 ([48])
[2m2026-09-20T23:39:43.086348Z[0m [32m INFO[0m [2mspark_model::weight_map::model_a[0m[2m:[0m dense_keep_f32: promoting model.language_model.layers.0.linear_attn.dt_bias from BF16 to FP32 ([48])
[2m2026-09-20T23:39:43.119299Z[0m [32m INFO[0m [2mspark_model::weight_map::loaders_fp8[0m[2m:[0m quantize_to_nvfp4: n=16384 k=5120 total=83886080 global_max=0.437500 scale2=0.00016276 grid1=1024
[2m2026-09-20T23:39:43.172835Z[0m [32m INFO[0m [2mspark_model::weight_map::loaders_fp8[0m[2m:[0m quantize_to_nvfp4: n=5120 k=6144 total=31457280 global_max=1.500000 scale2=0.00055804 grid1=1024
[2m2026-09-20T23:39:43.191646Z[0m [32m INFO[0m [2mspark_model::layers::qwen3_ssm::init[0m[2m:[0m M8A: gdn_tree_k handle = 271482820339248 (0 = NOT LOADED)
[2m2026-09-20T23:39:43.191676Z[0m [32m INFO[0m [2mspark_model::layers::qwen3_ssm::init[0m[2m:[0m M8A v2: gdn_tree_wy_k handle = 271482820446320 (0 = NOT LOADED)
[2m2026-09-20T23:39:43.193702Z[0m [32m INFO[0m [2mspark_model::layers::dense_ffn[0m[2m:[0m enabled checkpoint-static W4A4 activation scales [3mgate_up_input_scale[0m[2m=[0m0.0015462239971384406 [3mdown_input_scale[0m[2m=[0m0.0023367744870483875
[2m2026-09-20T23:39:43.350530Z[0m [32m INFO[0m [2mspark_model::layers::dense_ffn[0m[2m:[0m admitted FlashInfer SM121 FFN prefill operands [3mlayer[0m[2m=[0m1 [3mlibrary[0m[2m=[0m/var/tmp/atlas-qwen38-fi-attn-build-20260828-09ce21ada384/artifact/libatlas_fi_fp4_sm121.so [3mlibrary_sha256[0m[2m=[0ma007a82566ca3d3115c8cc0e73e2bbfc0bd1c76b6342313fba7ee5483e49c020 [3mlibrary_device[0m[2m=[0m1 [3mlibrary_inode[0m[2m=[0m397306 [3mmerged_gate_up_weight[0m[2m=[0m0xf6e0f9a00000 [3mdown_weight[0m[2m=[0m0xf6e6ef200000 [3mmerged_gate_up_weight_hash[0m[2m=[0m12ab70b2e7e6e61a [3mmerged_gate_up_scale_hash[0m[2m=[0mef0628234979f466 [3mdown_scale_hash[0m[2m=[0m9bb9ad621e1190a3 [3mmerged_gate_up_alpha_bits[0m[2m=[0m341a69a7 [3mdown_alpha_bits[0m[2m=[0m34e95c4c [3mmerged_gate_up_retained_bytes[0m[2m=[0m100270084 [3mscratch_cap_m[0m[2m=[0m8192 [3mscratch_cap_k[0m[2m=[0m17408 [3mscratch_packed_bytes[0m[2m=[0m71303168 [3mscratch_scale_bytes[0m[2m=[0m8912896
[2m2026-09-20T23:39:43.549821Z[0m [32m INFO[0m [2mspark_model::weight_map::model_a[0m[2m:[0m dense_keep_f32: promoting model.language_model.layers.1.linear_attn.A_log from BF16 to FP32 ([48])
[2m2026-09-20T23:39:43.549929Z[0m [32m INFO[0m [2mspark_model::weight_map::model_a[0m[2m:[0m dense_keep_f32: promoting model.language_model.layers.1.linear_attn.dt_bias from BF16 to FP32 ([48])
[2m2026-09-20T23:39:43.581191Z[0m [32m INFO[0m [2mspark_model::weight_map::loaders_fp8[0m[2m:[0m quantize_to_nvfp4: n=16384 k=5120 total=83886080 global_max=0.335938 scale2=0.00012498 grid1=1024
[2m2026-09-20T23:39:43.644024Z[0m [32m INFO[0m [2mspark_model::weight_map::loaders_fp8[0m[2m:[0m quantize_to_nvfp4: n=5120 k=6144 total=31457280 global_max=1.500000 scale2=0.00055804 grid1=1024
[2m2026-09-20T23:39:43.671897Z[0m [32m INFO[0m [2mspark_model::layers::qwen3_ssm::init[0m[2m:[0m M8A: gdn_tree_k handle = 271482820339248 (0 = NOT LOADED)
[2m2026-09-20T23:39:43.671928Z[0m [32m INFO[0m [2mspark_model::layers::qwen3_ssm::init[0m[2m:[0m M8A v2: gdn_tree_wy_k handle = 271482820446320 (0 = NOT LOADED)
[2m2026-09-20T23:39:43.674101Z[0m [32m INFO[0m [2mspark_model::layers::dense_ffn[0m[2m:[0m enabled checkpoint-static W4A4 activation scales [3mgate_up_input_scale[0m[2m=[0m0.0017322358908131719 [3mdown_input_scale[0m[2m=[0m0.0064639137126505375
[2m2026-09-20T23:39:43.839257Z[0m [32m INFO[0m [2mspark_model::layers::dense_ffn[0m[2m:[0m admitted FlashInfer SM121 FFN prefill operands [3mlayer[0m[2m=[0m2 [3mlibrary[0m[2m=[0m/var/tmp/atlas-qwen38-fi-attn-build-20260828-09ce21ada384/artifact/libatlas_fi_fp4_sm121.so [3mlibrary_sha256[0m[2m=[0ma007a82566ca3d3115c8cc0e73e2bbfc0bd1c76b6342313fba7ee5483e49c020 [3mlibrary_device[0m[2m=[0m1 [3mlibrary_inode[0m[2m=[0m406802 [3mmerged_gate_up_weight[0m[2m=[0m0xf6e0d9400000 [3mdown_weight[0m[2m=[0m0xf6e6d9a00000 [3mmerged_gate_up_weight_hash[0m[2m=[0md9d29bfcf0beccc4 [3mmerged_gate_up_scale_hash[0m[2m=[0mc1bbfbbb744a5f8e [3mdown_scale_hash[0m[2m=[0md848afbd3795db79 [3mmerged_gate_up_alpha_bits[0m[2m=[0m3481bdd3 [3mdown_alpha_bits[0m[2m=[0m362160f2 [3mmerged_gate_up_retained_bytes[0m[2m=[0m100270084 [3mscratch_cap_m[0m[2m=[0m8192 [3mscratch_cap_k[0m[2m=[0m17408 [3mscratch_packed_bytes[0m[2m=[0m71303168 [3mscratch_scale_bytes[0m[2m=[0m8912896
[2m2026-09-20T23:39:44.041721Z[0m [32m INFO[0m [2mspark_model::weight_map::model_a[0m[2m:[0m dense_keep_f32: promoting model.language_model.layers.2.linear_attn.A_log from BF16 to FP32 ([48])
[2m2026-09-20T23:39:44.041829Z[0m [32m INFO[0m [2mspark_model::weight_map::model_a[0m[2m:[0m dense_keep_f32: promoting model.language_model.layers.2.linear_attn.dt_bias from BF16 to FP32 ([48])
[2m2026-09-20T23:39:44.074204Z[0m [32m INFO[0m [2mspark_model::weight_map::loaders_fp8[0m[2m:[0m quantize_to_nvfp4: n=16384 k=5120 total=83886080 global_max=0.248047 scale2=0.00009228 grid1=1024
[2m2026-09-20T23:39:44.165178Z[0m [32m INFO[0m [2mspark_model::layers::qwen3_ssm::init[0m[2m:[0m M8A: gdn_tree_k handle = 271482820339248 (0 = NOT LOADED)
[2m2026-09-20T23:39:44.165205Z[0m [32m INFO[0m [2mspark_model::layers::qwen3_ssm::init[0m[2m:[0m M8A v2: gdn_tree_wy_k handle = 271482820446320 (0 = NOT LOADED)
[2m2026-09-20T23:39:44.167338Z[0m [32m INFO[0m [2mspark_model::layers::dense_ffn[0m[2m:[0m enabled checkpoint-static W4A4 activation scales [3mgate_up_input_scale[0m[2m=[0m0.0021275111939758062 [3mdown_input_scale[0m[2m=[0m0.01018415205180645
[2m2026-09-20T23:39:44.321125Z[0m [32m INFO[0m [2mspark_model::layers::dense_ffn[0m[2m:[0m admitted FlashInfer SM121 FFN prefill operands [3mlayer[0m[2m=[0m3 [3mlibrary[0m[2m=[0m/var/tmp/atlas-qwen38-fi-attn-build-20260828-09ce21ada384/artifact/libatlas_fi_fp4_sm121.so [3mlibrary_sha256[0m[2m=[0ma007a82566ca3d3115c8cc0e73e2bbfc0bd1c76b6342313fba7ee5483e49c020 [3mlibrary_device[0m[2m=[0m1 [3mlibrary_inode[0m[2m=[0m409680 [3mmerged_gate_up_weight[0m[2m=[0m0xf6e080000000 [3mdown_weight[0m[2m=[0m0xf6e6a2c00000 [3mmerged_gate_up_weight_hash[0m[2m=[0m3e0510ec5a76d13e [3mmerged_gate_up_scale_hash[0m[2m=[0mb8c4951579242e3d [3mdown_scale_hash[0m[2m=[0m3e371f9c2faaaafe [3mmerged_gate_up_alpha_bits[0m[2m=[0m341f58d2 [3mdown_alpha_bits[0m[2m=[0m363eb1a3 [3mmerged_gate_up_retained_bytes[0m[2m=[0m100270084 [3mscratch_cap_m[0m[2m=[0m8192 [3mscratch_cap_k[0m[2m=[0m17408 [3mscratch_packed_bytes[0m[2m=[0m71303168 [3mscratch_scale_bytes[0m[2m=[0m8912896
[2m2026-09-20T23:39:44.630332Z[0m [32m INFO[0m [2mspark_model::layers::dense_ffn[0m[2m:[0m enabled checkpoint-static W4A4 activation scales [3mgate_up_input_scale[0m[2m=[0m0.0023018973879516125 [3mdown_input_scale[0m[2m=[0m0.0052780876867473125
[2m2026-09-20T23:39:44.786283Z[0m [32m INFO[0m [2mspark_model::layers::dense_ffn[0m[2m:[0m admitted FlashInfer SM121 FFN prefill operands [3mlayer[0m[2m=[0m4 [3mlibrary[0m[2m=[0m/var/tmp/atlas-qwen38-fi-attn-build-20260828-09ce21ada384/artifact/libatlas_fi_fp4_sm121.so [3mlibrary_sha256[0m[2m=[0ma007a82566ca3d3115c8cc0e73e2bbfc0bd1c76b6342313fba7ee5483e49c020 [3mlibrary_device[0m[2m=[0m1 [3mlibrary_inode[0m[2m=[0m409681 [3mmerged_gate_up_weight[0m[2m=[0m0xf6e099e00000 [3mdown_weight[0m[2m=[0m0xf6e6af600000 [3mmerged_gate_up_weight_hash[0m[2m=[0md162f538e333b439 [3mmerged_gate_up_scale_hash[0m[2m=[0m4fce72d54389f8b2 [3mdown_scale_hash[0m[2m=[0mbe506de1bca8fda0 [3mmerged_gate_up_alpha_bits[0m[2m=[0m342c687e [3mdown_alpha_bits[0m[2m=[0m3545a8ed [3mmerged_gate_up_retained_bytes[0m[2m=[0m100270084 [3mscratch_cap_m[0m[2m=[0m8192 [3mscratch_cap_k[0m[2m=[0m17408 [3mscratch_packed_bytes[0m[2m=[0m71303168 [3mscratch_scale_bytes[0m[2m=[0m8912896
[2m2026-09-20T23:39:45.116615Z[0m [32m INFO[0m [2mspark_model::weight_map::model_a[0m[2m:[0m dense_keep_f32: promoting model.language_model.layers.4.linear_attn.A_log from BF16 to FP32 ([48])
[2m2026-09-20T23:39:45.116718Z[0m [32m INFO[0m [2mspark_model::weight_map::model_a[0m[2m:[0m dense_keep_f32: promoting model.language_model.layers.4.linear_attn.dt_bias from BF16 to FP32 ([48])
[2m2026-09-20T23:39:45.211534Z[0m [32m INFO[0m [2mspark_model::layers::qwen3_ssm::init[0m[2m:[0m M8A: gdn_tree_k handle = 271482820339248 (0 = NOT LOADED)
[2m2026-09-20T23:39:45.211561Z[0m [32m INFO[0m [2mspark_model::layers::qwen3_ssm::init[0m[2m:[0m M8A v2: gdn_tree_wy_k handle = 271482820446320 (0 = NOT LOADED)
[2m2026-09-20T23:39:45.213567Z[0m [32m INFO[0m [2mspark_model::layers::dense_ffn[0m[2m:[0m enabled checkpoint-static W4A4 activation scales [3mgate_up_input_scale[0m[2m=[0m0.0027087985072284937 [3mdown_input_scale[0m[2m=[0m0.0055106026120483875
[2m2026-09-20T23:39:45.368460Z[0m [32m INFO[0m [2mspark_model::layers::dense_ffn[0m[2m:[0m admitted FlashInfer SM121 FFN prefill operands [3mlayer[0m[2m=[0m5 [3mlibrary[0m[2m=[0m/var/tmp/atlas-qwen38-fi-attn-build-20260828-09ce21ada384/artifact/libatlas_fi_fp4_sm121.so [3mlibrary_sha256[0m[2m=[0ma007a82566ca3d3115c8cc0e73e2bbfc0bd1c76b6342313fba7ee5483e49c020 [3mlibrary_device[0m[2m=[0m1 [3mlibrary_inode[0m[2m=[0m400377 [3mmerged_gate_up_weight[0m[2m=[0m0xf6e044e00000 [3mdown_weight[0m[2m=[0m0xf6e6b8a00000 [3mmerged_gate_up_weight_hash[0m[2m=[0m10bc4bf03f93194c [3mmerged_gate_up_scale_hash[0m[2m=[0mfeda16af86a84f2e [3mdown_scale_hash[0m[2m=[0mee44cbb9b2edad02 [3mmerged_gate_up_alpha_bits[0m[2m=[0m34074199 [3mdown_alpha_bits[0m[2m=[0m354e5e0b [3mmerged_gate_up_retained_bytes[0m[2m=[0m100270084 [3mscratch_cap_m[0m[2m=[0m8192 [3mscratch_cap_k[0m[2m=[0m17408 [3mscratch_packed_bytes[0m[2m=[0m71303168 [3mscratch_scale_bytes[0m[2m=[0m8912896
[2m2026-09-20T23:39:45.558083Z[0m [32m INFO[0m [2mspark_model::weight_map::model_a[0m[2m:[0m dense_keep_f32: promoting model.language_model.layers.5.linear_attn.A_log from BF16 to FP32 ([48])
[2m2026-09-20T23:39:45.558195Z[0m [32m INFO[0m [2mspark_model::weight_map::model_a[0m[2m:[0m dense_keep_f32: promoting model.language_model.layers.5.linear_attn.dt_bias from BF16 to FP32 ([48])
[2m2026-09-20T23:39:45.701690Z[0m [32m INFO[0m [2mspark_model::layers::qwen3_ssm::init[0m[2m:[0m M8A: gdn_tree_k handle = 271482820339248 (0 = NOT LOADED)
[2m2026-09-20T23:39:45.701718Z[0m [32m INFO[0m [2mspark_model::layers::qwen3_ssm::init[0m[2m:[0m M8A v2: gdn_tree_wy_k handle = 271482820446320 (0 = NOT LOADED)
[2m2026-09-20T23:39:45.703852Z[0m [32m INFO[0m [2mspark_model::layers::dense_ffn[0m[2m:[0m enabled checkpoint-static W4A4 activation scales [3mgate_up_input_scale[0m[2m=[0m0.0032087054569274187 [3mdown_input_scale[0m[2m=[0m0.005580357275903225
[2m2026-09-20T23:39:45.869234Z[0m [32m INFO[0m [2mspark_model::layers::dense_ffn[0m[2m:[0m admitted FlashInfer SM121 FFN prefill operands [3mlayer[0m[2m=[0m6 [3mlibrary[0m[2m=[0m/var/tmp/atlas-qwen38-fi-attn-build-20260828-09ce21ada384/artifact/libatlas_fi_fp4_sm121.so [3mlibrary_sha256[0m[2m=[0ma007a82566ca3d3115c8cc0e73e2bbfc0bd1c76b6342313fba7ee5483e49c020 [3mlibrary_device[0m[2m=[0m1 [3mlibrary_inode[0m[2m=[0m406148 [3mmerged_gate_up_weight[0m[2m=[0m0xf6e039600000 [3mdown_weight[0m[2m=[0m0xf6e683c00000 [3mmerged_gate_up_weight_hash[0m[2m=[0mea63b039930b67a6 [3mmerged_gate_up_scale_hash[0m[2m=[0m6c65df7438e0cc32 [3mdown_scale_hash[0m[2m=[0me719a3f7419690f8 [3mmerged_gate_up_alpha_bits[0m[2m=[0m34a037bb [3mdown_alpha_bits[0m[2m=[0m358b51da [3mmerged_gate_up_retained_bytes[0m[2m=[0m100270084 [3mscratch_cap_m[0m[2m=[0m8192 [3mscratch_cap_k[0m[2m=[0m17408 [3mscratch_packed_bytes[0m[2m=[0m71303168 [3mscratch_scale_bytes[0m[2m=[0m8912896
[2m2026-09-20T23:39:46.070053Z[0m [32m INFO[0m [2mspark_model::weight_map::model_a[0m[2m:[0m dense_keep_f32: promoting model.language_model.layers.6.linear_attn.A_log from BF16 to FP32 ([48])
[2m2026-09-20T23:39:46.070138Z[0m [32m INFO[0m [2mspark_model::weight_map::model_a[0m[2m:[0m dense_keep_f32: promoting model.language_model.layers.6.linear_attn.dt_bias from BF16 to FP32 ([48])
[2m2026-09-20T23:39:46.188508Z[0m [32m INFO[0m [2mspark_model::layers::qwen3_ssm::init[0m[2m:[0m M8A: gdn_tree_k handle = 271482820339248 (0 = NOT LOADED)
[2m2026-09-20T23:39:46.188533Z[0m [32m INFO[0m [2mspark_model::layers::qwen3_ssm::init[0m[2m:[0m M8A v2: gdn_tree_wy_k handle = 271482820446320 (0 = NOT LOADED)
[2m2026-09-20T23:39:46.190663Z[0m [32m INFO[0m [2mspark_model::layers::dense_ffn[0m[2m:[0m enabled checkpoint-static W4A4 activation scales [3mgate_up_input_scale[0m[2m=[0m0.0032784598879516125 [3mdown_input_scale[0m[2m=[0m0.0067894347012043
[2m2026-09-20T23:39:46.345353Z[0m [32m INFO[0m [2mspark_model::layers::dense_ffn[0m[2m:[0m admitted FlashInfer SM121 FFN prefill operands [3mlayer[0m[2m=[0m7 [3mlibrary[0m[2m=[0m/var/tmp/atlas-qwen38-fi-attn-build-20260828-09ce21ada384/artifact/libatlas_fi_fp4_sm121.so [3mlibrary_sha256[0m[2m=[0ma007a82566ca3d3115c8cc0e73e2bbfc0bd1c76b6342313fba7ee5483e49c020 [3mlibrary_device[0m[2m=[0m1 [3mlibrary_inode[0m[2m=[0m406149 [3mmerged_gate_up_weight[0m[2m=[0m0xf6db84e00000 [3mdown_weight[0m[2m=[0m0xf6e68c000000 [3mmerged_gate_up_weight_hash[0m[2m=[0m033d589e8f82c3d0 [3mmerged_gate_up_scale_hash[0m[2m=[0m528c644af0c95884 [3mdown_scale_hash[0m[2m=[0m3e3e583d5155bc48 [3mmerged_gate_up_alpha_bits[0m[2m=[0m34a3b360 [3mdown_alpha_bits[0m[2m=[0m357e422e [3mmerged_gate_up_retained_bytes[0m[2m=[0m100270084 [3mscratch_cap_m[0m[2m=[0m8192 [3mscratch_cap_k[0m[2m=[0m17408 [3mscratch_packed_bytes[0m[2m=[0m71303168 [3mscratch_scale_bytes[0m[2m=[0m8912896
[2m2026-09-20T23:39:46.685040Z[0m [32m INFO[0m [2mspark_model::layers::dense_ffn[0m[2m:[0m enabled checkpoint-static W4A4 activation scales [3mgate_up_input_scale[0m[2m=[0m0.002650669775903225 [3mdown_input_scale[0m[2m=[0m0.010416666977107525
[2m2026-09-20T23:39:46.844351Z[0m [32m INFO[0m [2mspark_model::layers::dense_ffn[0m[2m:[0m admitted FlashInfer SM121 FFN prefill operands [3mlayer[0m[2m=[0m8 [3mlibrary[0m[2m=[0m/var/tmp/atlas-qwen38-fi-attn-build-20260828-09ce21ada384/artifact/libatlas_fi_fp4_sm121.so [3mlibrary_sha256[0m[2m=[0ma007a82566ca3d3115c8cc0e73e2bbfc0bd1c76b6342313fba7ee5483e49c020 [3mlibrary_device[0m[2m=[0m1 [3mlibrary_inode[0m[2m=[0m406150 [3mmerged_gate_up_weight[0m[2m=[0m0xf6db60000000 [3mdown_weight[0m[2m=[0m0xf6e698a00000 [3mmerged_gate_up_weight_hash[0m[2m=[0mdc847a5385ceb5c9 [3mmerged_gate_up_scale_hash[0m[2m=[0m9e1933204c7eeac4 [3mdown_scale_hash[0m[2m=[0m519319736c56a056 [3mmerged_gate_up_alpha_bits[0m[2m=[0m34845a8f [3mdown_alpha_bits[0m[2m=[0m36020821 [3mmerged_gate_up_retained_bytes[0m[2m=[0m100270084 [3mscratch_cap_m[0m[2m=[0m8192 [3mscratch_cap_k[0m[2m=[0m17408 [3mscratch_packed_bytes[0m[2m=[0m71303168 [3mscratch_scale_bytes[0m[2m=[0m8912896
[2m2026-09-20T23:39:47.212027Z[0m [32m INFO[0m [2mspark_model::weight_map::model_a[0m[2m:[0m dense_keep_f32: promoting model.language_model.layers.8.linear_attn.A_log from BF16 to FP32 ([48])
[2m2026-09-20T23:39:47.212134Z[0m [32m INFO[0m [2mspark_model::weight_map::model_a[0m[2m:[0m dense_keep_f32: promoting model.language_model.layers.8.linear_attn.dt_bias from BF16 to FP32 ([48])
[2m2026-09-20T23:39:47.328015Z[0m [32m INFO[0m [2mspark_model::layers::qwen3_ssm::init[0m[2m:[0m M8A: gdn_tree_k handle = 271482820339248 (0 = NOT LOADED)
[2m2026-09-20T23:39:47.328038Z[0m [32m INFO[0m [2mspark_model::layers::qwen3_ssm::init[0m[2m:[0m M8A v2: gdn_tree_wy_k handle = 271482820446320 (0 = NOT LOADED)
[2m2026-09-20T23:39:47.330008Z[0m [32m INFO[0m [2mspark_model::layers::dense_ffn[0m[2m:[0m enabled checkpoint-static W4A4 activation scales [3mgate_up_input_scale[0m[2m=[0m0.0027669272385537624 [3mdown_input_scale[0m[2m=[0m0.00916108675301075
[2m2026-09-20T23:39:47.485809Z[0m [32m INFO[0m [2mspark_model::layers::dense_ffn[0m[2m:[0m admitted FlashInfer SM121 FFN prefill operands [3mlayer[0m[2m=[0m9 [3mlibrary[0m[2m=[0m/var/tmp/atlas-qwen38-fi-attn-build-20260828-09ce21ada384/artifact/libatlas_fi_fp4_sm121.so [3mlibrary_sha256[0m[2m=[0ma007a82566ca3d3115c8cc0e73e2bbfc0bd1c76b6342313fba7ee5483e49c020 [3mlibrary_device[0m[2m=[0m1 [3mlibrary_inode[0m[2m=[0m397307 [3mmerged_gate_up_weight[0m[2m=[0m0xf6db4c600000 [3mdown_weight[0m[2m=[0m0xf6e663c00000 [3mmerged_gate_up_weight_hash[0m[2m=[0m55d33e1df89bfdf1 [3mmerged_gate_up_scale_hash[0m[2m=[0m7da87805845fee90 [3mdown_scale_hash[0m[2m=[0m599bae283f75de49 [3mmerged_gate_up_alpha_bits[0m[2m=[0m344f3cf5 [3mdown_alpha_bits[0m[2m=[0m35e4b771 [3mmerged_gate_up_retained_bytes[0m[2m=[0m100270084 [3mscratch_cap_m[0m[2m=[0m8192 [3mscratch_cap_k[0m[2m=[0m17408 [3mscratch_packed_bytes[0m[2m=[0m71303168 [3mscratch_scale_bytes[0m[2m=[0m8912896
[2m2026-09-20T23:39:47.644026Z[0m [32m INFO[0m [2mspark_model::weight_map::model_a[0m[2m:[0m dense_keep_f32: promoting model.language_model.layers.9.linear_attn.A_log from BF16 to FP32 ([48])
[2m2026-09-20T23:39:47.644114Z[0m [32m INFO[0m [2mspark_model::weight_map::model_a[0m[2m:[0m dense_keep_f32: promoting model.language_model.layers.9.linear_attn.dt_bias from BF16 to FP32 ([48])
[2m2026-09-20T23:39:47.743439Z[0m [32m INFO[0m [2mspark_model::layers::qwen3_ssm::init[0m[2m:[0m M8A: gdn_tree_k handle = 271482820339248 (0 = NOT LOADED)
[2m2026-09-20T23:39:47.743460Z[0m [32m INFO[0m [2mspark_model::layers::qwen3_ssm::init[0m[2m:[0m M8A v2: gdn_tree_wy_k handle = 271482820446320 (0 = NOT LOADED)
[2m2026-09-20T23:39:47.745459Z[0m [32m INFO[0m [2mspark_model::weight_loader::qwen35_dense[0m[2m:[0m Loaded layers 0..10
[2m2026-09-20T23:39:47.745552Z[0m [32m INFO[0m [2mspark_model::layers::dense_ffn[0m[2m:[0m enabled checkpoint-static W4A4 activation scales [3mgate_up_input_scale[0m[2m=[0m0.0035807292442768812 [3mdown_input_scale[0m[2m=[0m0.005580357275903225
[2m2026-09-20T23:39:47.913079Z[0m [32m INFO[0m [2mspark_model::layers::dense_ffn[0m[2m:[0m admitted FlashInfer SM121 FFN prefill operands [3mlayer[0m[2m=[0m10 [3mlibrary[0m[2m=[0m/var/tmp/atlas-qwen38-fi-attn-build-20260828-09ce21ada384/artifact/libatlas_fi_fp4_sm121.so [3mlibrary_sha256[0m[2m=[0ma007a82566ca3d3115c8cc0e73e2bbfc0bd1c76b6342313fba7ee5483e49c020 [3mlibrary_device[0m[2m=[0m1 [3mlibrary_inode[0m[2m=[0m406803 [3mmerged_gate_up_weight[0m[2m=[0m0xf6db00000000 [3mdown_weight[0m[2m=[0m0xf6e6f8600000 [3mmerged_gate_up_weight_hash[0m[2m=[0m7a473d557a86ddaf [3mmerged_gate_up_scale_hash[0m[2m=[0m0a878d02f3181e85 [3mdown_scale_hash[0m[2m=[0m08821e605cabf223 [3mmerged_gate_up_alpha_bits[0m[2m=[0m34b2cb2d [3mdown_alpha_bits[0m[2m=[0m350b51da [3mmerged_gate_up_retained_bytes[0m[2m=[0m100270084 [3mscratch_cap_m[0m[2m=[0m8192 [3mscratch_cap_k[0m[2m=[0m17408 [3mscratch_packed_bytes[0m[2m=[0m71303168 [3mscratch_scale_bytes[0m[2m=[0m8912896
[2m2026-09-20T23:39:48.097956Z[0m [32m INFO[0m [2mspark_model::weight_map::model_a[0m[2m:[0m dense_keep_f32: promoting model.language_model.layers.10.linear_attn.A_log from BF16 to FP32 ([48])
[2m2026-09-20T23:39:48.098042Z[0m [32m INFO[0m [2mspark_model::weight_map::model_a[0m[2m:[0m dense_keep_f32: promoting model.language_model.layers.10.linear_attn.dt_bias from BF16 to FP32 ([48])
[2m2026-09-20T23:39:48.222774Z[0m [32m INFO[0m [2mspark_model::layers::qwen3_ssm::init[0m[2m:[0m M8A: gdn_tree_k handle = 271482820339248 (0 = NOT LOADED)
[2m2026-09-20T23:39:48.222803Z[0m [32m INFO[0m [2mspark_model::layers::qwen3_ssm::init[0m[2m:[0m M8A v2: gdn_tree_wy_k handle = 271482820446320 (0 = NOT LOADED)
[2m2026-09-20T23:39:48.224972Z[0m [32m INFO[0m [2mspark_model::layers::dense_ffn[0m[2m:[0m enabled checkpoint-static W4A4 activation scales [3mgate_up_input_scale[0m[2m=[0m0.0035807292442768812 [3mdown_input_scale[0m[2m=[0m0.004603794775903225
[2m2026-09-20T23:39:48.379875Z[0m [32m INFO[0m [2mspark_model::layers::dense_ffn[0m[2m:[0m admitted FlashInfer SM121 FFN prefill operands [3mlayer[0m[2m=[0m11 [3mlibrary[0m[2m=[0m/var/tmp/atlas-qwen38-fi-attn-build-20260828-09ce21ada384/artifact/libatlas_fi_fp4_sm121.so [3mlibrary_sha256[0m[2m=[0ma007a82566ca3d3115c8cc0e73e2bbfc0bd1c76b6342313fba7ee5483e49c020 [3mlibrary_device[0m[2m=[0m1 [3mlibrary_inode[0m[2m=[0m406804 [3mmerged_gate_up_weight[0m[2m=[0m0xf6dae4e00000 [3mdown_weight[0m[2m=[0m0xf6e6c2c00000 [3mmerged_gate_up_weight_hash[0m[2m=[0mbdaa4a3231436332 [3mmerged_gate_up_scale_hash[0m[2m=[0m5d73fc9c504af565 [3mdown_scale_hash[0m[2m=[0m823830703b36aa4c [3mmerged_gate_up_alpha_bits[0m[2m=[0m34861862 [3mdown_alpha_bits[0m[2m=[0m3565e0a8 [3mmerged_gate_up_retained_bytes[0m[2m=[0m100270084 [3mscratch_cap_m[0m[2m=[0m8192 [3mscratch_cap_k[0m[2m=[0m17408 [3mscratch_packed_bytes[0m[2m=[0m71303168 [3mscratch_scale_bytes[0m[2m=[0m8912896
[2m2026-09-20T23:39:48.609147Z[0m [32m INFO[0m [2mspark_model::layers::dense_ffn[0m[2m:[0m enabled checkpoint-static W4A4 activation scales [3mgate_up_input_scale[0m[2m=[0m0.0037202381063252687 [3mdown_input_scale[0m[2m=[0m0.0032087054569274187
[2m2026-09-20T23:39:48.767105Z[0m [32m INFO[0m [2mspark_model::layers::dense_ffn[0m[2m:[0m admitted FlashInfer SM121 FFN prefill operands [3mlayer[0m[2m=[0m12 [3mlibrary[0m[2m=[0m/var/tmp/atlas-qwen38-fi-attn-build-20260828-09ce21ada384/artifact/libatlas_fi_fp4_sm121.so [3mlibrary_sha256[0m[2m=[0ma007a82566ca3d3115c8cc0e73e2bbfc0bd1c76b6342313fba7ee5483e49c020 [3mlibrary_device[0m[2m=[0m1 [3mlibrary_inode[0m[2m=[0m406805 [3mmerged_gate_up_weight[0m[2m=[0m0xf6dac0000000 [3mdown_weight[0m[2m=[0m0xf6e6cf600000 [3mmerged_gate_up_weight_hash[0m[2m=[0m0ca387040f02d46c [3mmerged_gate_up_scale_hash[0m[2m=[0mb8d2e9d136f756fa [3mdown_scale_hash[0m[2m=[0m6f4b2fb2ceb1360c [3mmerged_gate_up_alpha_bits[0m[2m=[0m348b51da [3mdown_alpha_bits[0m[2m=[0m34a037bb [3mmerged_gate_up_retained_bytes[0m[2m=[0m100270084 [3mscratch_cap_m[0m[2m=[0m8192 [3mscratch_cap_k[0m[2m=[0m17408 [3mscratch_packed_bytes[0m[2m=[0m71303168 [3mscratch_scale_bytes[0m[2m=[0m8912896
[2m2026-09-20T23:39:48.996920Z[0m [32m INFO[0m [2mspark_model::weight_map::model_a[0m[2m:[0m dense_keep_f32: promoting model.language_model.layers.12.linear_attn.A_log from BF16 to FP32 ([48])
[2m2026-09-20T23:39:48.997011Z[0m [32m INFO[0m [2mspark_model::weight_map::model_a[0m[2m:[0m dense_keep_f32: promoting model.language_model.layers.12.linear_attn.dt_bias from BF16 to FP32 ([48])
[2m2026-09-20T23:39:49.144796Z[0m [32m INFO[0m [2mspark_model::layers::qwen3_ssm::init[0m[2m:[0m M8A: gdn_tree_k handle = 271482820339248 (0 = NOT LOADED)
[2m2026-09-20T23:39:49.144822Z[0m [32m INFO[0m [2mspark_model::layers::qwen3_ssm::init[0m[2m:[0m M8A v2: gdn_tree_wy_k handle = 271482820446320 (0 = NOT LOADED)
[2m2026-09-20T23:39:49.146915Z[0m [32m INFO[0m [2mspark_model::layers::dense_ffn[0m[2m:[0m enabled checkpoint-static W4A4 activation scales [3mgate_up_input_scale[0m[2m=[0m0.00392950139939785 [3mdown_input_scale[0m[2m=[0m0.0087890625
[2m2026-09-20T23:39:49.305916Z[0m [32m INFO[0m [2mspark_model::layers::dense_ffn[0m[2m:[0m admitted FlashInfer SM121 FFN prefill operands [3mlayer[0m[2m=[0m13 [3mlibrary[0m[2m=[0m/var/tmp/atlas-qwen38-fi-attn-build-20260828-09ce21ada384/artifact/libatlas_fi_fp4_sm121.so [3mlibrary_sha256[0m[2m=[0ma007a82566ca3d3115c8cc0e73e2bbfc0bd1c76b6342313fba7ee5483e49c020 [3mlibrary_device[0m[2m=[0m1 [3mlibrary_inode[0m[2m=[0m397308 [3mmerged_gate_up_weight[0m[2m=[0m0xf6daaf400000 [3mdown_weight[0m[2m=[0m0xf6e5e1600000 [3mmerged_gate_up_weight_hash[0m[2m=[0m8de35d1b914b976e [3mmerged_gate_up_scale_hash[0m[2m=[0m94af0849d0ff5a8a [3mdown_scale_hash[0m[2m=[0m2f72555ce6a556d6 [3mmerged_gate_up_alpha_bits[0m[2m=[0m3493280e [3mdown_alpha_bits[0m[2m=[0m355b6db7 [3mmerged_gate_up_retained_bytes[0m[2m=[0m100270084 [3mscratch_cap_m[0m[2m=[0m8192 [3mscratch_cap_k[0m[2m=[0m17408 [3mscratch_packed_bytes[0m[2m=[0m71303168 [3mscratch_scale_bytes[0m[2m=[0m8912896
[2m2026-09-20T23:39:49.483281Z[0m [32m INFO[0m [2mspark_model::weight_map::model_a[0m[2m:[0m dense_keep_f32: promoting model.language_model.layers.13.linear_attn.A_log from BF16 to FP32 ([48])
[2m2026-09-20T23:39:49.483383Z[0m [32m INFO[0m [2mspark_model::weight_map::model_a[0m[2m:[0m dense_keep_f32: promoting model.language_model.layers.13.linear_attn.dt_bias from BF16 to FP32 ([48])
[2m2026-09-20T23:39:49.590625Z[0m [32m INFO[0m [2mspark_model::layers::qwen3_ssm::init[0m[2m:[0m M8A: gdn_tree_k handle = 271482820339248 (0 = NOT LOADED)
[2m2026-09-20T23:39:49.590660Z[0m [32m INFO[0m [2mspark_model::layers::qwen3_ssm::init[0m[2m:[0m M8A v2: gdn_tree_wy_k handle = 271482820446320 (0 = NOT LOADED)
[2m2026-09-20T23:39:49.592764Z[0m [32m INFO[0m [2mspark_model::layers::dense_ffn[0m[2m:[0m enabled checkpoint-static W4A4 activation scales [3mgate_up_input_scale[0m[2m=[0m0.004185267724096775 [3mdown_input_scale[0m[2m=[0m0.005905878264456987
[2m2026-09-20T23:39:49.756661Z[0m [32m INFO[0m [2mspark_model::layers::dense_ffn[0m[2m:[0m admitted FlashInfer SM121 FFN prefill operands [3mlayer[0m[2m=[0m14 [3mlibrary[0m[2m=[0m/var/tmp/atlas-qwen38-fi-attn-build-20260828-09ce21ada384/artifact/libatlas_fi_fp4_sm121.so [3mlibrary_sha256[0m[2m=[0ma007a82566ca3d3115c8cc0e73e2bbfc0bd1c76b6342313fba7ee5483e49c020 [3mlibrary_device[0m[2m=[0m1 [3mlibrary_inode[0m[2m=[0m408660 [3mmerged_gate_up_weight[0m[2m=[0m0xf6da60000000 [3mdown_weight[0m[2m=[0m0xf6e5eaa00000 [3mmerged_gate_up_weight_hash[0m[2m=[0me619cd716cd01ca3 [3mmerged_gate_up_scale_hash[0m[2m=[0m9ce203243ac4caed [3mdown_scale_hash[0m[2m=[0m81b0c58463dad2fd [3mmerged_gate_up_alpha_bits[0m[2m=[0m3450fac6 [3mdown_alpha_bits[0m[2m=[0m34dd2b8b [3mmerged_gate_up_retained_bytes[0m[2m=[0m100270084 [3mscratch_cap_m[0m[2m=[0m8192 [3mscratch_cap_k[0m[2m=[0m17408 [3mscratch_packed_bytes[0m[2m=[0m71303168 [3mscratch_scale_bytes[0m[2m=[0m8912896
[2m2026-09-20T23:39:49.911128Z[0m [32m INFO[0m [2mspark_model::weight_map::model_a[0m[2m:[0m dense_keep_f32: promoting model.language_model.layers.14.linear_attn.A_log from BF16 to FP32 ([48])
[2m2026-09-20T23:39:49.911238Z[0m [32m INFO[0m [2mspark_model::weight_map::model_a[0m[2m:[0m dense_keep_f32: promoting model.language_model.layers.14.linear_attn.dt_bias from BF16 to FP32 ([48])
[2m2026-09-20T23:39:50.038387Z[0m [32m INFO[0m [2mspark_model::layers::qwen3_ssm::init[0m[2m:[0m M8A: gdn_tree_k handle = 271482820339248 (0 = NOT LOADED)
[2m2026-09-20T23:39:50.038414Z[0m [32m INFO[0m [2mspark_model::layers::qwen3_ssm::init[0m[2m:[0m M8A v2: gdn_tree_wy_k handle = 271482820446320 (0 = NOT LOADED)
[2m2026-09-20T23:39:50.040491Z[0m [32m INFO[0m [2mspark_model::layers::dense_ffn[0m[2m:[0m enabled checkpoint-static W4A4 activation scales [3mgate_up_input_scale[0m[2m=[0m0.00534784235060215 [3mdown_input_scale[0m[2m=[0m0.004696800839155912
[2m2026-09-20T23:39:50.201585Z[0m [32m INFO[0m [2mspark_model::layers::dense_ffn[0m[2m:[0m admitted FlashInfer SM121 FFN prefill operands [3mlayer[0m[2m=[0m15 [3mlibrary[0m[2m=[0m/var/tmp/atlas-qwen38-fi-attn-build-20260828-09ce21ada384/artifact/libatlas_fi_fp4_sm121.so [3mlibrary_sha256[0m[2m=[0ma007a82566ca3d3115c8cc0e73e2bbfc0bd1c76b6342313fba7ee5483e49c020 [3mlibrary_device[0m[2m=[0m1 [3mlibrary_inode[0m[2m=[0m397309 [3mmerged_gate_up_weight[0m[2m=[0m0xf6da4c600000 [3mdown_weight[0m[2m=[0m0xf6e5f2e00000 [3mmerged_gate_up_weight_hash[0m[2m=[0m864002c5bed60eca [3mmerged_gate_up_scale_hash[0m[2m=[0m40b6cf557fb22937 [3mdown_scale_hash[0m[2m=[0m7118ca0448964053 [3mmerged_gate_up_alpha_bits[0m[2m=[0m34c845aa [3mdown_alpha_bits[0m[2m=[0m34ea8585 [3mmerged_gate_up_retained_bytes[0m[2m=[0m100270084 [3mscratch_cap_m[0m[2m=[0m8192 [3mscratch_cap_k[0m[2m=[0m17408 [3mscratch_packed_bytes[0m[2m=[0m71303168 [3mscratch_scale_bytes[0m[2m=[0m8912896
[2m2026-09-20T23:39:50.418772Z[0m [32m INFO[0m [2mspark_model::layers::dense_ffn[0m[2m:[0m enabled checkpoint-static W4A4 activation scales [3mgate_up_input_scale[0m[2m=[0m0.0054873512126505375 [3mdown_input_scale[0m[2m=[0m0.0042317709885537624
[2m2026-09-20T23:39:50.573596Z[0m [32m INFO[0m [2mspark_model::layers::dense_ffn[0m[2m:[0m admitted FlashInfer SM121 FFN prefill operands [3mlayer[0m[2m=[0m16 [3mlibrary[0m[2m=[0m/var/tmp/atlas-qwen38-fi-attn-build-20260828-09ce21ada384/artifact/libatlas_fi_fp4_sm121.so [3mlibrary_sha256[0m[2m=[0ma007a82566ca3d3115c8cc0e73e2bbfc0bd1c76b6342313fba7ee5483e49c020 [3mlibrary_device[0m[2m=[0m1 [3mlibrary_inode[0m[2m=[0m400378 [3mmerged_gate_up_weight[0m[2m=[0m0xf6da24e00000 [3mdown_weight[0m[2m=[0m0xf6e5c0000000 [3mmerged_gate_up_weight_hash[0m[2m=[0m6f36371081a2fe38 [3mmerged_gate_up_scale_hash[0m[2m=[0mff9ca2b8cf227155 [3mdown_scale_hash[0m[2m=[0m082f3a6f01071f73 [3mmerged_gate_up_alpha_bits[0m[2m=[0m3488ff6c [3mdown_alpha_bits[0m[2m=[0m351e79e8 [3mmerged_gate_up_retained_bytes[0m[2m=[0m100270084 [3mscratch_cap_m[0m[2m=[0m8192 [3mscratch_cap_k[0m[2m=[0m17408 [3mscratch_packed_bytes[0m[2m=[0m71303168 [3mscratch_scale_bytes[0m[2m=[0m8912896
[2m2026-09-20T23:39:50.719690Z[0m [32m INFO[0m [2mspark_model::weight_map::model_a[0m[2m:[0m dense_keep_f32: promoting model.language_model.layers.16.linear_attn.A_log from BF16 to FP32 ([48])
[2m2026-09-20T23:39:50.719818Z[0m [32m INFO[0m [2mspark_model::weight_map::model_a[0m[2m:[0m dense_keep_f32: promoting model.language_model.layers.16.linear_attn.dt_bias from BF16 to FP32 ([48])
[2m2026-09-20T23:39:50.847249Z[0m [32m INFO[0m [2mspark_model::layers::qwen3_ssm::init[0m[2m:[0m M8A: gdn_tree_k handle = 271482820339248 (0 = NOT LOADED)
[2m2026-09-20T23:39:50.847276Z[0m [32m INFO[0m [2mspark_model::layers::qwen3_ssm::init[0m[2m:[0m M8A v2: gdn_tree_wy_k handle = 271482820446320 (0 = NOT LOADED)
[2m2026-09-20T23:39:50.849258Z[0m [32m INFO[0m [2mspark_model::layers::dense_ffn[0m[2m:[0m enabled checkpoint-static W4A4 activation scales [3mgate_up_input_scale[0m[2m=[0m0.0055106026120483875 [3mdown_input_scale[0m[2m=[0m0.006603422574698925
[2m2026-09-20T23:39:51.008716Z[0m [32m INFO[0m [2mspark_model::layers::dense_ffn[0m[2m:[0m admitted FlashInfer SM121 FFN prefill operands [3mlayer[0m[2m=[0m17 [3mlibrary[0m[2m=[0m/var/tmp/atlas-qwen38-fi-attn-build-20260828-09ce21ada384/artifact/libatlas_fi_fp4_sm121.so [3mlibrary_sha256[0m[2m=[0ma007a82566ca3d3115c8cc0e73e2bbfc0bd1c76b6342313fba7ee5483e49c020 [3mlibrary_device[0m[2m=[0m1 [3mlibrary_inode[0m[2m=[0m397310 [3mmerged_gate_up_weight[0m[2m=[0m0xf6da19400000 [3mdown_weight[0m[2m=[0m0xf6e5c9400000 [3mmerged_gate_up_weight_hash[0m[2m=[0m6bf97d2e80d8b66c [3mmerged_gate_up_scale_hash[0m[2m=[0mb210f393c9ddf753 [3mdown_scale_hash[0m[2m=[0mdfa306609bec594a [3mmerged_gate_up_alpha_bits[0m[2m=[0m34ce5e0b [3mdown_alpha_bits[0m[2m=[0m3524dc97 [3mmerged_gate_up_retained_bytes[0m[2m=[0m100270084 [3mscratch_cap_m[0m[2m=[0m8192 [3mscratch_cap_k[0m[2m=[0m17408 [3mscratch_packed_bytes[0m[2m=[0m71303168 [3mscratch_scale_bytes[0m[2m=[0m8912896
[2m2026-09-20T23:39:51.187663Z[0m [32m INFO[0m [2mspark_model::weight_map::model_a[0m[2m:[0m dense_keep_f32: promoting model.language_model.layers.17.linear_attn.A_log from BF16 to FP32 ([48])
[2m2026-09-20T23:39:51.187791Z[0m [32m INFO[0m [2mspark_model::weight_map::model_a[0m[2m:[0m dense_keep_f32: promoting model.language_model.layers.17.linear_attn.dt_bias from BF16 to FP32 ([48])
[2m2026-09-20T23:39:51.302772Z[0m [32m INFO[0m [2mspark_model::layers::qwen3_ssm::init[0m[2m:[0m M8A: gdn_tree_k handle = 271482820339248 (0 = NOT LOADED)
[2m2026-09-20T23:39:51.302797Z[0m [32m INFO[0m [2mspark_model::layers::qwen3_ssm::init[0m[2m:[0m M8A v2: gdn_tree_wy_k handle = 271482820446320 (0 = NOT LOADED)
[2m2026-09-20T23:39:51.304836Z[0m [32m INFO[0m [2mspark_model::layers::dense_ffn[0m[2m:[0m enabled checkpoint-static W4A4 activation scales [3mgate_up_input_scale[0m[2m=[0m0.00823102705180645 [3mdown_input_scale[0m[2m=[0m0.006603422574698925
[2m2026-09-20T23:39:51.464340Z[0m [32m INFO[0m [2mspark_model::layers::dense_ffn[0m[2m:[0m admitted FlashInfer SM121 FFN prefill operands [3mlayer[0m[2m=[0m18 [3mlibrary[0m[2m=[0m/var/tmp/atlas-qwen38-fi-attn-build-20260828-09ce21ada384/artifact/libatlas_fi_fp4_sm121.so [3mlibrary_sha256[0m[2m=[0ma007a82566ca3d3115c8cc0e73e2bbfc0bd1c76b6342313fba7ee5483e49c020 [3mlibrary_device[0m[2m=[0m1 [3mlibrary_inode[0m[2m=[0m397311 [3mmerged_gate_up_weight[0m[2m=[0m0xf6d9c4e00000 [3mdown_weight[0m[2m=[0m0xf6e5d2800000 [3mmerged_gate_up_weight_hash[0m[2m=[0m80d9d41b5aebf196 [3mmerged_gate_up_scale_hash[0m[2m=[0mbf94af0f0b27b664 [3mdown_scale_hash[0m[2m=[0me0ab1e3c9802b52c [3mmerged_gate_up_alpha_bits[0m[2m=[0m354d7f22 [3mdown_alpha_bits[0m[2m=[0m35a4dc97 [3mmerged_gate_up_retained_bytes[0m[2m=[0m100270084 [3mscratch_cap_m[0m[2m=[0m8192 [3mscratch_cap_k[0m[2m=[0m17408 [3mscratch_packed_bytes[0m[2m=[0m71303168 [3mscratch_scale_bytes[0m[2m=[0m8912896
[2m2026-09-20T23:39:51.610210Z[0m [32m INFO[0m [2mspark_model::weight_map::model_a[0m[2m:[0m dense_keep_f32: promoting model.language_model.layers.18.linear_attn.A_log from BF16 to FP32 ([48])
[2m2026-09-20T23:39:51.610333Z[0m [32m INFO[0m [2mspark_model::weight_map::model_a[0m[2m:[0m dense_keep_f32: promoting model.language_model.layers.18.linear_attn.dt_bias from BF16 to FP32 ([48])
[2m2026-09-20T23:39:51.703590Z[0m [32m INFO[0m [2mspark_model::layers::qwen3_ssm::init[0m[2m:[0m M8A: gdn_tree_k handle = 271482820339248 (0 = NOT LOADED)
[2m2026-09-20T23:39:51.703615Z[0m [32m INFO[0m [2mspark_model::layers::qwen3_ssm::init[0m[2m:[0m M8A v2: gdn_tree_wy_k handle = 271482820446320 (0 = NOT LOADED)
[2m2026-09-20T23:39:51.705599Z[0m [32m INFO[0m [2mspark_model::layers::dense_ffn[0m[2m:[0m enabled checkpoint-static W4A4 activation scales [3mgate_up_input_scale[0m[2m=[0m0.0087425597012043 [3mdown_input_scale[0m[2m=[0m0.0146949402987957
[2m2026-09-20T23:39:51.860786Z[0m [32m INFO[0m [2mspark_model::layers::dense_ffn[0m[2m:[0m admitted FlashInfer SM121 FFN prefill operands [3mlayer[0m[2m=[0m19 [3mlibrary[0m[2m=[0m/var/tmp/atlas-qwen38-fi-attn-build-20260828-09ce21ada384/artifact/libatlas_fi_fp4_sm121.so [3mlibrary_sha256[0m[2m=[0ma007a82566ca3d3115c8cc0e73e2bbfc0bd1c76b6342313fba7ee5483e49c020 [3mlibrary_device[0m[2m=[0m1 [3mlibrary_inode[0m[2m=[0m411648 [3mmerged_gate_up_weight[0m[2m=[0m0xf6d9b9400000 [3mdown_weight[0m[2m=[0m0xf6e5dac00000 [3mmerged_gate_up_weight_hash[0m[2m=[0m6b9529b4975bc70f [3mmerged_gate_up_scale_hash[0m[2m=[0m31439eb40a6f600a [3mdown_scale_hash[0m[2m=[0mb1da5fdf1c262b06 [3mmerged_gate_up_alpha_bits[0m[2m=[0m3523b360 [3mdown_alpha_bits[0m[2m=[0m36377009 [3mmerged_gate_up_retained_bytes[0m[2m=[0m100270084 [3mscratch_cap_m[0m[2m=[0m8192 [3mscratch_cap_k[0m[2m=[0m17408 [3mscratch_packed_bytes[0m[2m=[0m71303168 [3mscratch_scale_bytes[0m[2m=[0m8912896
[2m2026-09-20T23:39:52.079119Z[0m [32m INFO[0m [2mspark_model::weight_loader::qwen35_dense[0m[2m:[0m Loaded layers 0..20
[2m2026-09-20T23:39:52.079243Z[0m [32m INFO[0m [2mspark_model::layers::dense_ffn[0m[2m:[0m enabled checkpoint-static W4A4 activation scales [3mgate_up_input_scale[0m[2m=[0m0.006556919775903225 [3mdown_input_scale[0m[2m=[0m0.013299851678311825
[2m2026-09-20T23:39:52.254425Z[0m [32m INFO[0m [2mspark_model::layers::dense_ffn[0m[2m:[0m admitted FlashInfer SM121 FFN prefill operands [3mlayer[0m[2m=[0m20 [3mlibrary[0m[2m=[0m/var/tmp/atlas-qwen38-fi-attn-build-20260828-09ce21ada384/artifact/libatlas_fi_fp4_sm121.so [3mlibrary_sha256[0m[2m=[0ma007a82566ca3d3115c8cc0e73e2bbfc0bd1c76b6342313fba7ee5483e49c020 [3mlibrary_device[0m[2m=[0m1 [3mlibrary_inode[0m[2m=[0m394002 [3mmerged_gate_up_weight[0m[2m=[0m0xf6d988c00000 [3mdown_weight[0m[2m=[0m0xf6e5a9e00000 [3mmerged_gate_up_weight_hash[0m[2m=[0mbe71b0f3f68bca5b [3mmerged_gate_up_scale_hash[0m[2m=[0maf5c1d796e6e2016 [3mdown_scale_hash[0m[2m=[0m1a7fc4024e6e7016 [3mmerged_gate_up_alpha_bits[0m[2m=[0m3523b360 [3mdown_alpha_bits[0m[2m=[0m35f908b6 [3mmerged_gate_up_retained_bytes[0m[2m=[0m100270084 [3mscratch_cap_m[0m[2m=[0m8192 [3mscratch_cap_k[0m[2m=[0m17408 [3mscratch_packed_bytes[0m[2m=[0m71303168 [3mscratch_scale_bytes[0m[2m=[0m8912896
[2m2026-09-20T23:39:52.408778Z[0m [32m INFO[0m [2mspark_model::weight_map::model_a[0m[2m:[0m dense_keep_f32: promoting model.language_model.layers.20.linear_attn.A_log from BF16 to FP32 ([48])
[2m2026-09-20T23:39:52.408861Z[0m [32m INFO[0m [2mspark_model::weight_map::model_a[0m[2m:[0m dense_keep_f32: promoting model.language_model.layers.20.linear_attn.dt_bias from BF16 to FP32 ([48])
[2m2026-09-20T23:39:52.508608Z[0m [32m INFO[0m [2mspark_model::layers::qwen3_ssm::init[0m[2m:[0m M8A: gdn_tree_k handle = 271482820339248 (0 = NOT LOADED)
[2m2026-09-20T23:39:52.508640Z[0m [32m INFO[0m [2mspark_model::layers::qwen3_ssm::init[0m[2m:[0m M8A v2: gdn_tree_wy_k handle = 271482820446320 (0 = NOT LOADED)
[2m2026-09-20T23:39:52.511108Z[0m [32m INFO[0m [2mspark_model::layers::dense_ffn[0m[2m:[0m enabled checkpoint-static W4A4 activation scales [3mgate_up_input_scale[0m[2m=[0m0.008975074626505375 [3mdown_input_scale[0m[2m=[0m0.0145089291036129
[2m2026-09-20T23:39:52.672410Z[0m [32m INFO[0m [2mspark_model::layers::dense_ffn[0m[2m:[0m admitted FlashInfer SM121 FFN prefill operands [3mlayer[0m[2m=[0m21 [3mlibrary[0m[2m=[0m/var/tmp/atlas-qwen38-fi-attn-build-20260828-09ce21ada384/artifact/libatlas_fi_fp4_sm121.so [3mlibrary_sha256[0m[2m=[0ma007a82566ca3d3115c8cc0e73e2bbfc0bd1c76b6342313fba7ee5483e49c020 [3mlibrary_device[0m[2m=[0m1 [3mlibrary_inode[0m[2m=[0m397911 [3mmerged_gate_up_weight[0m[2m=[0m0xf6d979400000 [3mdown_weight[0m[2m=[0m0xf6e5b3200000 [3mmerged_gate_up_weight_hash[0m[2m=[0md5e52c457217dad6 [3mmerged_gate_up_scale_hash[0m[2m=[0m096c41841e40b091 [3mdown_scale_hash[0m[2m=[0m6771a86e1d838636 [3mmerged_gate_up_alpha_bits[0m[2m=[0m35601294 [3mdown_alpha_bits[0m[2m=[0m35b51d9c [3mmerged_gate_up_retained_bytes[0m[2m=[0m100270084 [3mscratch_cap_m[0m[2m=[0m8192 [3mscratch_cap_k[0m[2m=[0m17408 [3mscratch_packed_bytes[0m[2m=[0m71303168 [3mscratch_scale_bytes[0m[2m=[0m8912896
[2m2026-09-20T23:39:52.842587Z[0m [32m INFO[0m [2mspark_model::weight_map::model_a[0m[2m:[0m dense_keep_f32: promoting model.language_model.layers.21.linear_attn.A_log from BF16 to FP32 ([48])
[2m2026-09-20T23:39:52.842671Z[0m [32m INFO[0m [2mspark_model::weight_map::model_a[0m[2m:[0m dense_keep_f32: promoting model.language_model.layers.21.linear_attn.dt_bias from BF16 to FP32 ([48])
[2m2026-09-20T23:39:52.947173Z[0m [32m INFO[0m [2mspark_model::layers::qwen3_ssm::init[0m[2m:[0m M8A: gdn_tree_k handle = 271482820339248 (0 = NOT LOADED)
[2m2026-09-20T23:39:52.947198Z[0m [32m INFO[0m [2mspark_model::layers::qwen3_ssm::init[0m[2m:[0m M8A v2: gdn_tree_wy_k handle = 271482820446320 (0 = NOT LOADED)
[2m2026-09-20T23:39:52.949267Z[0m [32m INFO[0m [2mspark_model::layers::dense_ffn[0m[2m:[0m enabled checkpoint-static W4A4 activation scales [3mgate_up_input_scale[0m[2m=[0m0.00920758955180645 [3mdown_input_scale[0m[2m=[0m0.0225074402987957
[2m2026-09-20T23:39:53.107902Z[0m [32m INFO[0m [2mspark_model::layers::dense_ffn[0m[2m:[0m admitted FlashInfer SM121 FFN prefill operands [3mlayer[0m[2m=[0m22 [3mlibrary[0m[2m=[0m/var/tmp/atlas-qwen38-fi-attn-build-20260828-09ce21ada384/artifact/libatlas_fi_fp4_sm121.so [3mlibrary_sha256[0m[2m=[0ma007a82566ca3d3115c8cc0e73e2bbfc0bd1c76b6342313fba7ee5483e49c020 [3mlibrary_device[0m[2m=[0m1 [3mlibrary_inode[0m[2m=[0m411649 [3mmerged_gate_up_weight[0m[2m=[0m0xf6d926c00000 [3mdown_weight[0m[2m=[0m0xf6e5bc600000 [3mmerged_gate_up_weight_hash[0m[2m=[0md83265200c8eb4b7 [3mmerged_gate_up_scale_hash[0m[2m=[0m98f1db0c6902531b [3mdown_scale_hash[0m[2m=[0m86431ad9fc4c5b04 [3mmerged_gate_up_alpha_bits[0m[2m=[0m3565e0a8 [3mdown_alpha_bits[0m[2m=[0m368c7b11 [3mmerged_gate_up_retained_bytes[0m[2m=[0m100270084 [3mscratch_cap_m[0m[2m=[0m8192 [3mscratch_cap_k[0m[2m=[0m17408 [3mscratch_packed_bytes[0m[2m=[0m71303168 [3mscratch_scale_bytes[0m[2m=[0m8912896
[2m2026-09-20T23:39:53.256272Z[0m [32m INFO[0m [2mspark_model::weight_map::model_a[0m[2m:[0m dense_keep_f32: promoting model.language_model.layers.22.linear_attn.A_log from BF16 to FP32 ([48])
[2m2026-09-20T23:39:53.256374Z[0m [32m INFO[0m [2mspark_model::weight_map::model_a[0m[2m:[0m dense_keep_f32: promoting model.language_model.layers.22.linear_attn.dt_bias from BF16 to FP32 ([48])
[2m2026-09-20T23:39:53.369684Z[0m [32m INFO[0m [2mspark_model::layers::qwen3_ssm::init[0m[2m:[0m M8A: gdn_tree_k handle = 271482820339248 (0 = NOT LOADED)
[2m2026-09-20T23:39:53.369709Z[0m [32m INFO[0m [2mspark_model::layers::qwen3_ssm::init[0m[2m:[0m M8A v2: gdn_tree_wy_k handle = 271482820446320 (0 = NOT LOADED)
[2m2026-09-20T23:39:53.371499Z[0m [32m INFO[0m [2mspark_model::layers::dense_ffn[0m[2m:[0m enabled checkpoint-static W4A4 activation scales [3mgate_up_input_scale[0m[2m=[0m0.009440104477107525 [3mdown_input_scale[0m[2m=[0m0.0164620541036129
[2m2026-09-20T23:39:53.540100Z[0m [32m INFO[0m [2mspark_model::layers::dense_ffn[0m[2m:[0m admitted FlashInfer SM121 FFN prefill operands [3mlayer[0m[2m=[0m23 [3mlibrary[0m[2m=[0m/var/tmp/atlas-qwen38-fi-attn-build-20260828-09ce21ada384/artifact/libatlas_fi_fp4_sm121.so [3mlibrary_sha256[0m[2m=[0ma007a82566ca3d3115c8cc0e73e2bbfc0bd1c76b6342313fba7ee5483e49c020 [3mlibrary_device[0m[2m=[0m1 [3mlibrary_inode[0m[2m=[0m410662 [3mmerged_gate_up_weight[0m[2m=[0m0xf6d919400000 [3mdown_weight[0m[2m=[0m0xf6e585800000 [3mmerged_gate_up_weight_hash[0m[2m=[0md4e4e3dd0513063a [3mmerged_gate_up_scale_hash[0m[2m=[0m994a8955e85ac5d5 [3mdown_scale_hash[0m[2m=[0m140cf00ebee63968 [3mmerged_gate_up_alpha_bits[0m[2m=[0m34ebaebc [3mdown_alpha_bits[0m[2m=[0m364d7f22 [3mmerged_gate_up_retained_bytes[0m[2m=[0m100270084 [3mscratch_cap_m[0m[2m=[0m8192 [3mscratch_cap_k[0m[2m=[0m17408 [3mscratch_packed_bytes[0m[2m=[0m71303168 [3mscratch_scale_bytes[0m[2m=[0m8912896
[2m2026-09-20T23:39:53.802991Z[0m [32m INFO[0m [2mspark_model::layers::dense_ffn[0m[2m:[0m enabled checkpoint-static W4A4 activation scales [3mgate_up_input_scale[0m[2m=[0m0.0098121277987957 [3mdown_input_scale[0m[2m=[0m0.01813616044819355
[2m2026-09-20T23:39:53.955228Z[0m [32m INFO[0m [2mspark_model::layers::dense_ffn[0m[2m:[0m admitted FlashInfer SM121 FFN prefill operands [3mlayer[0m[2m=[0m24 [3mlibrary[0m[2m=[0m/var/tmp/atlas-qwen38-fi-attn-build-20260828-09ce21ada384/artifact/libatlas_fi_fp4_sm121.so [3mlibrary_sha256[0m[2m=[0ma007a82566ca3d3115c8cc0e73e2bbfc0bd1c76b6342313fba7ee5483e49c020 [3mlibrary_device[0m[2m=[0m1 [3mlibrary_inode[0m[2m=[0m403970 [3mmerged_gate_up_weight[0m[2m=[0m0xf6d8f0200000 [3mdown_weight[0m[2m=[0m0xf6e592200000 [3mmerged_gate_up_weight_hash[0m[2m=[0m38b87ba4d77c1fea [3mmerged_gate_up_scale_hash[0m[2m=[0mfa14225648ad2450 [3mdown_scale_hash[0m[2m=[0m6b65bde2e54237b7 [3mmerged_gate_up_alpha_bits[0m[2m=[0m3537ba57 [3mdown_alpha_bits[0m[2m=[0m36a9cbc2 [3mmerged_gate_up_retained_bytes[0m[2m=[0m100270084 [3mscratch_cap_m[0m[2m=[0m8192 [3mscratch_cap_k[0m[2m=[0m17408 [3mscratch_packed_bytes[0m[2m=[0m71303168 [3mscratch_scale_bytes[0m[2m=[0m8912896
[2m2026-09-20T23:39:54.267105Z[0m [32m INFO[0m [2mspark_model::weight_map::model_a[0m[2m:[0m dense_keep_f32: promoting model.language_model.layers.24.linear_attn.A_log from BF16 to FP32 ([48])
[2m2026-09-20T23:39:54.267187Z[0m [32m INFO[0m [2mspark_model::weight_map::model_a[0m[2m:[0m dense_keep_f32: promoting model.language_model.layers.24.linear_attn.dt_bias from BF16 to FP32 ([48])
[2m2026-09-20T23:39:54.368792Z[0m [32m INFO[0m [2mspark_model::layers::qwen3_ssm::init[0m[2m:[0m M8A: gdn_tree_k handle = 271482820339248 (0 = NOT LOADED)
[2m2026-09-20T23:39:54.368814Z[0m [32m INFO[0m [2mspark_model::layers::qwen3_ssm::init[0m[2m:[0m M8A v2: gdn_tree_wy_k handle = 271482820446320 (0 = NOT LOADED)
[2m2026-09-20T23:39:54.370632Z[0m [32m INFO[0m [2mspark_model::layers::dense_ffn[0m[2m:[0m enabled checkpoint-static W4A4 activation scales [3mgate_up_input_scale[0m[2m=[0m0.0106491819024086 [3mdown_input_scale[0m[2m=[0m0.01506696455180645
[2m2026-09-20T23:39:54.528383Z[0m [32m INFO[0m [2mspark_model::layers::dense_ffn[0m[2m:[0m admitted FlashInfer SM121 FFN prefill operands [3mlayer[0m[2m=[0m25 [3mlibrary[0m[2m=[0m/var/tmp/atlas-qwen38-fi-attn-build-20260828-09ce21ada384/artifact/libatlas_fi_fp4_sm121.so [3mlibrary_sha256[0m[2m=[0ma007a82566ca3d3115c8cc0e73e2bbfc0bd1c76b6342313fba7ee5483e49c020 [3mlibrary_device[0m[2m=[0m1 [3mlibrary_inode[0m[2m=[0m403971 [3mmerged_gate_up_weight[0m[2m=[0m0xf6d8a0000000 [3mdown_weight[0m[2m=[0m0xf6e59b600000 [3mmerged_gate_up_weight_hash[0m[2m=[0m210024aa5ec232df [3mmerged_gate_up_scale_hash[0m[2m=[0me9f0383f63bfb145 [3mdown_scale_hash[0m[2m=[0m87d7621492bd9920 [3mmerged_gate_up_alpha_bits[0m[2m=[0m3504ef2b [3mdown_alpha_bits[0m[2m=[0m363c14e6 [3mmerged_gate_up_retained_bytes[0m[2m=[0m100270084 [3mscratch_cap_m[0m[2m=[0m8192 [3mscratch_cap_k[0m[2m=[0m17408 [3mscratch_packed_bytes[0m[2m=[0m71303168 [3mscratch_scale_bytes[0m[2m=[0m8912896
[2m2026-09-20T23:39:54.684448Z[0m [32m INFO[0m [2mspark_model::weight_map::model_a[0m[2m:[0m dense_keep_f32: promoting model.language_model.layers.25.linear_attn.A_log from BF16 to FP32 ([48])
[2m2026-09-20T23:39:54.684529Z[0m [32m INFO[0m [2mspark_model::weight_map::model_a[0m[2m:[0m dense_keep_f32: promoting model.language_model.layers.25.linear_attn.dt_bias from BF16 to FP32 ([48])
[2m2026-09-20T23:39:54.779572Z[0m [32m INFO[0m [2mspark_model::layers::qwen3_ssm::init[0m[2m:[0m M8A: gdn_tree_k handle = 271482820339248 (0 = NOT LOADED)
[2m2026-09-20T23:39:54.779599Z[0m [32m INFO[0m [2mspark_model::layers::qwen3_ssm::init[0m[2m:[0m M8A v2: gdn_tree_wy_k handle = 271482820446320 (0 = NOT LOADED)
[2m2026-09-20T23:39:54.781406Z[0m [32m INFO[0m [2mspark_model::layers::dense_ffn[0m[2m:[0m enabled checkpoint-static W4A4 activation scales [3mgate_up_input_scale[0m[2m=[0m0.0127418152987957 [3mdown_input_scale[0m[2m=[0m0.0086495541036129
[2m2026-09-20T23:39:54.933490Z[0m [32m INFO[0m [2mspark_model::layers::dense_ffn[0m[2m:[0m admitted FlashInfer SM121 FFN prefill operands [3mlayer[0m[2m=[0m26 [3mlibrary[0m[2m=[0m/var/tmp/atlas-qwen38-fi-attn-build-20260828-09ce21ada384/artifact/libatlas_fi_fp4_sm121.so [3mlibrary_sha256[0m[2m=[0ma007a82566ca3d3115c8cc0e73e2bbfc0bd1c76b6342313fba7ee5483e49c020 [3mlibrary_device[0m[2m=[0m1 [3mlibrary_inode[0m[2m=[0m392973 [3mmerged_gate_up_weight[0m[2m=[0m0xf6d88c600000 [3mdown_weight[0m[2m=[0m0xf6e51bc00000 [3mmerged_gate_up_weight_hash[0m[2m=[0me45a102a5b59ba0e [3mmerged_gate_up_scale_hash[0m[2m=[0m2e536ed1358ef2e3 [3mdown_scale_hash[0m[2m=[0mfcbbf2ab3b7fd5fe [3mmerged_gate_up_alpha_bits[0m[2m=[0m356e95c5 [3mdown_alpha_bits[0m[2m=[0m3621f58e [3mmerged_gate_up_retained_bytes[0m[2m=[0m100270084 [3mscratch_cap_m[0m[2m=[0m8192 [3mscratch_cap_k[0m[2m=[0m17408 [3mscratch_packed_bytes[0m[2m=[0m71303168 [3mscratch_scale_bytes[0m[2m=[0m8912896
[2m2026-09-20T23:39:55.119269Z[0m [32m INFO[0m [2mspark_model::weight_map::model_a[0m[2m:[0m dense_keep_f32: promoting model.language_model.layers.26.linear_attn.A_log from BF16 to FP32 ([48])
[2m2026-09-20T23:39:55.119360Z[0m [32m INFO[0m [2mspark_model::weight_map::model_a[0m[2m:[0m dense_keep_f32: promoting model.language_model.layers.26.linear_attn.dt_bias from BF16 to FP32 ([48])
[2m2026-09-20T23:39:55.229537Z[0m [32m INFO[0m [2mspark_model::layers::qwen3_ssm::init[0m[2m:[0m M8A: gdn_tree_k handle = 271482820339248 (0 = NOT LOADED)
[2m2026-09-20T23:39:55.229562Z[0m [32m INFO[0m [2mspark_model::layers::qwen3_ssm::init[0m[2m:[0m M8A v2: gdn_tree_wy_k handle = 271482820446320 (0 = NOT LOADED)
[2m2026-09-20T23:39:55.231504Z[0m [32m INFO[0m [2mspark_model::layers::dense_ffn[0m[2m:[0m enabled checkpoint-static W4A4 activation scales [3mgate_up_input_scale[0m[2m=[0m0.010974702425301075 [3mdown_input_scale[0m[2m=[0m0.008138020522892475
[2m2026-09-20T23:39:55.389517Z[0m [32m INFO[0m [2mspark_model::layers::dense_ffn[0m[2m:[0m admitted FlashInfer SM121 FFN prefill operands [3mlayer[0m[2m=[0m27 [3mlibrary[0m[2m=[0m/var/tmp/atlas-qwen38-fi-attn-build-20260828-09ce21ada384/artifact/libatlas_fi_fp4_sm121.so [3mlibrary_sha256[0m[2m=[0ma007a82566ca3d3115c8cc0e73e2bbfc0bd1c76b6342313fba7ee5483e49c020 [3mlibrary_device[0m[2m=[0m1 [3mlibrary_inode[0m[2m=[0m406151 [3mmerged_gate_up_weight[0m[2m=[0m0xf6d840000000 [3mdown_weight[0m[2m=[0m0xf6e4e5800000 [3mmerged_gate_up_weight_hash[0m[2m=[0m5d3a0fe6bba7c146 [3mmerged_gate_up_scale_hash[0m[2m=[0m6c8731d6c55c1b57 [3mdown_scale_hash[0m[2m=[0m3568f3eecc43efe2 [3mmerged_gate_up_alpha_bits[0m[2m=[0m354d7f22 [3mdown_alpha_bits[0m[2m=[0m35cb2cb3 [3mmerged_gate_up_retained_bytes[0m[2m=[0m100270084 [3mscratch_cap_m[0m[2m=[0m8192 [3mscratch_cap_k[0m[2m=[0m17408 [3mscratch_packed_bytes[0m[2m=[0m71303168 [3mscratch_scale_bytes[0m[2m=[0m8912896
[2m2026-09-20T23:39:55.632208Z[0m [32m INFO[0m [2mspark_model::layers::dense_ffn[0m[2m:[0m enabled checkpoint-static W4A4 activation scales [3mgate_up_input_scale[0m[2m=[0m0.010928199626505375 [3mdown_input_scale[0m[2m=[0m0.00823102705180645
[2m2026-09-20T23:39:55.802958Z[0m [32m INFO[0m [2mspark_model::layers::dense_ffn[0m[2m:[0m admitted FlashInfer SM121 FFN prefill operands [3mlayer[0m[2m=[0m28 [3mlibrary[0m[2m=[0m/var/tmp/atlas-qwen38-fi-attn-build-20260828-09ce21ada384/artifact/libatlas_fi_fp4_sm121.so [3mlibrary_sha256[0m[2m=[0ma007a82566ca3d3115c8cc0e73e2bbfc0bd1c76b6342313fba7ee5483e49c020 [3mlibrary_device[0m[2m=[0m1 [3mlibrary_inode[0m[2m=[0m394003 [3mmerged_gate_up_weight[0m[2m=[0m0xf6d859c00000 [3mdown_weight[0m[2m=[0m0xf6e4f2200000 [3mmerged_gate_up_weight_hash[0m[2m=[0mf43e14280cd828a0 [3mmerged_gate_up_scale_hash[0m[2m=[0m2ae02c0e1ab22a4a [3mdown_scale_hash[0m[2m=[0m5ca3a86570d3e477 [3mmerged_gate_up_alpha_bits[0m[2m=[0m354ca039 [3mdown_alpha_bits[0m[2m=[0m359a1f5a [3mmerged_gate_up_retained_bytes[0m[2m=[0m100270084 [3mscratch_cap_m[0m[2m=[0m8192 [3mscratch_cap_k[0m[2m=[0m17408 [3mscratch_packed_bytes[0m[2m=[0m71303168 [3mscratch_scale_bytes[0m[2m=[0m8912896
[2m2026-09-20T23:39:55.949454Z[0m [32m INFO[0m [2mspark_model::weight_map::model_a[0m[2m:[0m dense_keep_f32: promoting model.language_model.layers.28.linear_attn.A_log from BF16 to FP32 ([48])
[2m2026-09-20T23:39:55.949564Z[0m [32m INFO[0m [2mspark_model::weight_map::model_a[0m[2m:[0m dense_keep_f32: promoting model.language_model.layers.28.linear_attn.dt_bias from BF16 to FP32 ([48])
[2m2026-09-20T23:39:56.070570Z[0m [32m INFO[0m [2mspark_model::layers::qwen3_ssm::init[0m[2m:[0m M8A: gdn_tree_k handle = 271482820339248 (0 = NOT LOADED)
[2m2026-09-20T23:39:56.070592Z[0m [32m INFO[0m [2mspark_model::layers::qwen3_ssm::init[0m[2m:[0m M8A v2: gdn_tree_wy_k handle = 271482820446320 (0 = NOT LOADED)
[2m2026-09-20T23:39:56.072723Z[0m [32m INFO[0m [2mspark_model::layers::dense_ffn[0m[2m:[0m enabled checkpoint-static W4A4 activation scales [3mgate_up_input_scale[0m[2m=[0m0.01116071455180645 [3mdown_input_scale[0m[2m=[0m0.00730096735060215
[2m2026-09-20T23:39:56.227009Z[0m [32m INFO[0m [2mspark_model::layers::dense_ffn[0m[2m:[0m admitted FlashInfer SM121 FFN prefill operands [3mlayer[0m[2m=[0m29 [3mlibrary[0m[2m=[0m/var/tmp/atlas-qwen38-fi-attn-build-20260828-09ce21ada384/artifact/libatlas_fi_fp4_sm121.so [3mlibrary_sha256[0m[2m=[0ma007a82566ca3d3115c8cc0e73e2bbfc0bd1c76b6342313fba7ee5483e49c020 [3mlibrary_device[0m[2m=[0m1 [3mlibrary_inode[0m[2m=[0m411650 [3mmerged_gate_up_weight[0m[2m=[0m0xf6d804e00000 [3mdown_weight[0m[2m=[0m0xf6e4fb600000 [3mmerged_gate_up_weight_hash[0m[2m=[0m38ba2e3c21d89688 [3mmerged_gate_up_scale_hash[0m[2m=[0medd0e2b5324ff84b [3mdown_scale_hash[0m[2m=[0m3ffcdce2c06ec497 [3mmerged_gate_up_alpha_bits[0m[2m=[0m358b51da [3mdown_alpha_bits[0m[2m=[0m3588b51e [3mmerged_gate_up_retained_bytes[0m[2m=[0m100270084 [3mscratch_cap_m[0m[2m=[0m8192 [3mscratch_cap_k[0m[2m=[0m17408 [3mscratch_packed_bytes[0m[2m=[0m71303168 [3mscratch_scale_bytes[0m[2m=[0m8912896
[2m2026-09-20T23:39:56.393894Z[0m [32m INFO[0m [2mspark_model::weight_map::model_a[0m[2m:[0m dense_keep_f32: promoting model.language_model.layers.29.linear_attn.A_log from BF16 to FP32 ([48])
[2m2026-09-20T23:39:56.393981Z[0m [32m INFO[0m [2mspark_model::weight_map::model_a[0m[2m:[0m dense_keep_f32: promoting model.language_model.layers.29.linear_attn.dt_bias from BF16 to FP32 ([48])
[2m2026-09-20T23:39:56.516187Z[0m [32m INFO[0m [2mspark_model::layers::qwen3_ssm::init[0m[2m:[0m M8A: gdn_tree_k handle = 271482820339248 (0 = NOT LOADED)
[2m2026-09-20T23:39:56.516223Z[0m [32m INFO[0m [2mspark_model::layers::qwen3_ssm::init[0m[2m:[0m M8A v2: gdn_tree_wy_k handle = 271482820446320 (0 = NOT LOADED)
[2m2026-09-20T23:39:56.518201Z[0m [32m INFO[0m [2mspark_model::weight_loader::qwen35_dense[0m[2m:[0m Loaded layers 0..30
[2m2026-09-20T23:39:56.518303Z[0m [32m INFO[0m [2mspark_model::layers::dense_ffn[0m[2m:[0m enabled checkpoint-static W4A4 activation scales [3mgate_up_input_scale[0m[2m=[0m0.01320684514939785 [3mdown_input_scale[0m[2m=[0m0.0072079612873494625
[2m2026-09-20T23:39:56.680225Z[0m [32m INFO[0m [2mspark_model::layers::dense_ffn[0m[2m:[0m admitted FlashInfer SM121 FFN prefill operands [3mlayer[0m[2m=[0m30 [3mlibrary[0m[2m=[0m/var/tmp/atlas-qwen38-fi-attn-build-20260828-09ce21ada384/artifact/libatlas_fi_fp4_sm121.so [3mlibrary_sha256[0m[2m=[0ma007a82566ca3d3115c8cc0e73e2bbfc0bd1c76b6342313fba7ee5483e49c020 [3mlibrary_device[0m[2m=[0m1 [3mlibrary_inode[0m[2m=[0m406806 [3mmerged_gate_up_weight[0m[2m=[0m0xf6d7f9600000 [3mdown_weight[0m[2m=[0m0xf6e4c6800000 [3mmerged_gate_up_weight_hash[0m[2m=[0m9084b35bafa38f10 [3mmerged_gate_up_scale_hash[0m[2m=[0m023b7bb540853f5f [3mdown_scale_hash[0m[2m=[0m6553bcafc24f9d67 [3mmerged_gate_up_alpha_bits[0m[2m=[0m35f74ae3 [3mdown_alpha_bits[0m[2m=[0m3606f74b [3mmerged_gate_up_retained_bytes[0m[2m=[0m100270084 [3mscratch_cap_m[0m[2m=[0m8192 [3mscratch_cap_k[0m[2m=[0m17408 [3mscratch_packed_bytes[0m[2m=[0m71303168 [3mscratch_scale_bytes[0m[2m=[0m8912896
[2m2026-09-20T23:39:56.866327Z[0m [32m INFO[0m [2mspark_model::weight_map::model_a[0m[2m:[0m dense_keep_f32: promoting model.language_model.layers.30.linear_attn.A_log from BF16 to FP32 ([48])
[2m2026-09-20T23:39:56.866429Z[0m [32m INFO[0m [2mspark_model::weight_map::model_a[0m[2m:[0m dense_keep_f32: promoting model.language_model.layers.30.linear_attn.dt_bias from BF16 to FP32 ([48])
[2m2026-09-20T23:39:56.999187Z[0m [32m INFO[0m [2mspark_model::layers::qwen3_ssm::init[0m[2m:[0m M8A: gdn_tree_k handle = 271482820339248 (0 = NOT LOADED)
[2m2026-09-20T23:39:56.999212Z[0m [32m INFO[0m [2mspark_model::layers::qwen3_ssm::init[0m[2m:[0m M8A v2: gdn_tree_wy_k handle = 271482820446320 (0 = NOT LOADED)
[2m2026-09-20T23:39:57.001174Z[0m [32m INFO[0m [2mspark_model::layers::dense_ffn[0m[2m:[0m enabled checkpoint-static W4A4 activation scales [3mgate_up_input_scale[0m[2m=[0m0.011811756528913975 [3mdown_input_scale[0m[2m=[0m0.00725446455180645
[2m2026-09-20T23:39:57.155876Z[0m [32m INFO[0m [2mspark_model::layers::dense_ffn[0m[2m:[0m admitted FlashInfer SM121 FFN prefill operands [3mlayer[0m[2m=[0m31 [3mlibrary[0m[2m=[0m/var/tmp/atlas-qwen38-fi-attn-build-20260828-09ce21ada384/artifact/libatlas_fi_fp4_sm121.so [3mlibrary_sha256[0m[2m=[0ma007a82566ca3d3115c8cc0e73e2bbfc0bd1c76b6342313fba7ee5483e49c020 [3mlibrary_device[0m[2m=[0m1 [3mlibrary_inode[0m[2m=[0m411651 [3mmerged_gate_up_weight[0m[2m=[0m0xf6d7a4e00000 [3mdown_weight[0m[2m=[0m0xf6e4cec00000 [3mmerged_gate_up_weight_hash[0m[2m=[0m52f4f68e53b92798 [3mmerged_gate_up_scale_hash[0m[2m=[0md925ccbd3eff3358 [3mdown_scale_hash[0m[2m=[0mf0cb8151e2913f1b [3mmerged_gate_up_alpha_bits[0m[2m=[0m3593725c [3mdown_alpha_bits[0m[2m=[0m3607d635 [3mmerged_gate_up_retained_bytes[0m[2m=[0m100270084 [3mscratch_cap_m[0m[2m=[0m8192 [3mscratch_cap_k[0m[2m=[0m17408 [3mscratch_packed_bytes[0m[2m=[0m71303168 [3mscratch_scale_bytes[0m[2m=[0m8912896
[2m2026-09-20T23:39:57.380267Z[0m [32m INFO[0m [2mspark_model::layers::dense_ffn[0m[2m:[0m enabled checkpoint-static W4A4 activation scales [3mgate_up_input_scale[0m[2m=[0m0.0116257444024086 [3mdown_input_scale[0m[2m=[0m0.007068452425301075
[2m2026-09-20T23:39:57.537383Z[0m [32m INFO[0m [2mspark_model::layers::dense_ffn[0m[2m:[0m admitted FlashInfer SM121 FFN prefill operands [3mlayer[0m[2m=[0m32 [3mlibrary[0m[2m=[0m/var/tmp/atlas-qwen38-fi-attn-build-20260828-09ce21ada384/artifact/libatlas_fi_fp4_sm121.so [3mlibrary_sha256[0m[2m=[0ma007a82566ca3d3115c8cc0e73e2bbfc0bd1c76b6342313fba7ee5483e49c020 [3mlibrary_device[0m[2m=[0m1 [3mlibrary_inode[0m[2m=[0m406807 [3mmerged_gate_up_weight[0m[2m=[0m0xf6d780000000 [3mdown_weight[0m[2m=[0m0xf6e4db600000 [3mmerged_gate_up_weight_hash[0m[2m=[0m94b178ce48141b4e [3mmerged_gate_up_scale_hash[0m[2m=[0m355b55aa4591dd7b [3mdown_scale_hash[0m[2m=[0mb553f0bffeb94a0c [3mmerged_gate_up_alpha_bits[0m[2m=[0m35d9afe5 [3mdown_alpha_bits[0m[2m=[0m35b078bf [3mmerged_gate_up_retained_bytes[0m[2m=[0m100270084 [3mscratch_cap_m[0m[2m=[0m8192 [3mscratch_cap_k[0m[2m=[0m17408 [3mscratch_packed_bytes[0m[2m=[0m71303168 [3mscratch_scale_bytes[0m[2m=[0m8912896
[2m2026-09-20T23:39:57.707052Z[0m [32m INFO[0m [2mspark_model::weight_map::model_a[0m[2m:[0m dense_keep_f32: promoting model.language_model.layers.32.linear_attn.A_log from BF16 to FP32 ([48])
[2m2026-09-20T23:39:57.707159Z[0m [32m INFO[0m [2mspark_model::weight_map::model_a[0m[2m:[0m dense_keep_f32: promoting model.language_model.layers.32.linear_attn.dt_bias from BF16 to FP32 ([48])
[2m2026-09-20T23:39:57.822549Z[0m [32m INFO[0m [2mspark_model::layers::qwen3_ssm::init[0m[2m:[0m M8A: gdn_tree_k handle = 271482820339248 (0 = NOT LOADED)
[2m2026-09-20T23:39:57.822575Z[0m [32m INFO[0m [2mspark_model::layers::qwen3_ssm::init[0m[2m:[0m M8A v2: gdn_tree_wy_k handle = 271482820446320 (0 = NOT LOADED)
[2m2026-09-20T23:39:57.824412Z[0m [32m INFO[0m [2mspark_model::layers::dense_ffn[0m[2m:[0m enabled checkpoint-static W4A4 activation scales [3mgate_up_input_scale[0m[2m=[0m0.01218377985060215 [3mdown_input_scale[0m[2m=[0m0.0067429319024086
[2m2026-09-20T23:39:57.976330Z[0m [32m INFO[0m [2mspark_model::layers::dense_ffn[0m[2m:[0m admitted FlashInfer SM121 FFN prefill operands [3mlayer[0m[2m=[0m33 [3mlibrary[0m[2m=[0m/var/tmp/atlas-qwen38-fi-attn-build-20260828-09ce21ada384/artifact/libatlas_fi_fp4_sm121.so [3mlibrary_sha256[0m[2m=[0ma007a82566ca3d3115c8cc0e73e2bbfc0bd1c76b6342313fba7ee5483e49c020 [3mlibrary_device[0m[2m=[0m1 [3mlibrary_inode[0m[2m=[0m392974 [3mmerged_gate_up_weight[0m[2m=[0m0xf6d76c600000 [3mdown_weight[0m[2m=[0m0xf6e4a6800000 [3mmerged_gate_up_weight_hash[0m[2m=[0m03fe726c3fc4bac0 [3mmerged_gate_up_scale_hash[0m[2m=[0mcdc91284f8db677c [3mdown_scale_hash[0m[2m=[0m836321b55c073d98 [3mmerged_gate_up_alpha_bits[0m[2m=[0m35981739 [3mdown_alpha_bits[0m[2m=[0m357c845c [3mmerged_gate_up_retained_bytes[0m[2m=[0m100270084 [3mscratch_cap_m[0m[2m=[0m8192 [3mscratch_cap_k[0m[2m=[0m17408 [3mscratch_packed_bytes[0m[2m=[0m71303168 [3mscratch_scale_bytes[0m[2m=[0m8912896
[2m2026-09-20T23:39:58.138086Z[0m [32m INFO[0m [2mspark_model::weight_map::model_a[0m[2m:[0m dense_keep_f32: promoting model.language_model.layers.33.linear_attn.A_log from BF16 to FP32 ([48])
[2m2026-09-20T23:39:58.138185Z[0m [32m INFO[0m [2mspark_model::weight_map::model_a[0m[2m:[0m dense_keep_f32: promoting model.language_model.layers.33.linear_attn.dt_bias from BF16 to FP32 ([48])
[2m2026-09-20T23:39:58.231988Z[0m [32m INFO[0m [2mspark_model::layers::qwen3_ssm::init[0m[2m:[0m M8A: gdn_tree_k handle = 271482820339248 (0 = NOT LOADED)
[2m2026-09-20T23:39:58.232003Z[0m [32m INFO[0m [2mspark_model::layers::qwen3_ssm::init[0m[2m:[0m M8A v2: gdn_tree_wy_k handle = 271482820446320 (0 = NOT LOADED)
[2m2026-09-20T23:39:58.233864Z[0m [32m INFO[0m [2mspark_model::layers::dense_ffn[0m[2m:[0m enabled checkpoint-static W4A4 activation scales [3mgate_up_input_scale[0m[2m=[0m0.0164620541036129 [3mdown_input_scale[0m[2m=[0m0.01171875
[2m2026-09-20T23:39:58.386055Z[0m [32m INFO[0m [2mspark_model::layers::dense_ffn[0m[2m:[0m admitted FlashInfer SM121 FFN prefill operands [3mlayer[0m[2m=[0m34 [3mlibrary[0m[2m=[0m/var/tmp/atlas-qwen38-fi-attn-build-20260828-09ce21ada384/artifact/libatlas_fi_fp4_sm121.so [3mlibrary_sha256[0m[2m=[0ma007a82566ca3d3115c8cc0e73e2bbfc0bd1c76b6342313fba7ee5483e49c020 [3mlibrary_device[0m[2m=[0m1 [3mlibrary_inode[0m[2m=[0m392975 [3mmerged_gate_up_weight[0m[2m=[0m0xf6d720000000 [3mdown_weight[0m[2m=[0m0xf6e4afc00000 [3mmerged_gate_up_weight_hash[0m[2m=[0m83d33aeb2fea1bfc [3mmerged_gate_up_scale_hash[0m[2m=[0m57dc651b6a6d622f [3mdown_scale_hash[0m[2m=[0mf7aa876cf7b259e1 [3mmerged_gate_up_alpha_bits[0m[2m=[0m361a1f5a [3mdown_alpha_bits[0m[2m=[0m36124925 [3mmerged_gate_up_retained_bytes[0m[2m=[0m100270084 [3mscratch_cap_m[0m[2m=[0m8192 [3mscratch_cap_k[0m[2m=[0m17408 [3mscratch_packed_bytes[0m[2m=[0m71303168 [3mscratch_scale_bytes[0m[2m=[0m8912896
[2m2026-09-20T23:39:58.538499Z[0m [32m INFO[0m [2mspark_model::weight_map::model_a[0m[2m:[0m dense_keep_f32: promoting model.language_model.layers.34.linear_attn.A_log from BF16 to FP32 ([48])
[2m2026-09-20T23:39:58.538631Z[0m [32m INFO[0m [2mspark_model::weight_map::model_a[0m[2m:[0m dense_keep_f32: promoting model.language_model.layers.34.linear_attn.dt_bias from BF16 to FP32 ([48])
[2m2026-09-20T23:39:58.659146Z[0m [32m INFO[0m [2mspark_model::layers::qwen3_ssm::init[0m[2m:[0m M8A: gdn_tree_k handle = 271482820339248 (0 = NOT LOADED)
[2m2026-09-20T23:39:58.659170Z[0m [32m INFO[0m [2mspark_model::layers::qwen3_ssm::init[0m[2m:[0m M8A v2: gdn_tree_wy_k handle = 271482820446320 (0 = NOT LOADED)
[2m2026-09-20T23:39:58.661031Z[0m [32m INFO[0m [2mspark_model::layers::dense_ffn[0m[2m:[0m enabled checkpoint-static W4A4 activation scales [3mgate_up_input_scale[0m[2m=[0m0.0157180055975914 [3mdown_input_scale[0m[2m=[0m0.0125558041036129
[2m2026-09-20T23:39:58.818115Z[0m [32m INFO[0m [2mspark_model::layers::dense_ffn[0m[2m:[0m admitted FlashInfer SM121 FFN prefill operands [3mlayer[0m[2m=[0m35 [3mlibrary[0m[2m=[0m/var/tmp/atlas-qwen38-fi-attn-build-20260828-09ce21ada384/artifact/libatlas_fi_fp4_sm121.so [3mlibrary_sha256[0m[2m=[0ma007a82566ca3d3115c8cc0e73e2bbfc0bd1c76b6342313fba7ee5483e49c020 [3mlibrary_device[0m[2m=[0m1 [3mlibrary_inode[0m[2m=[0m403972 [3mmerged_gate_up_weight[0m[2m=[0m0xf6d706c00000 [3mdown_weight[0m[2m=[0m0xf6e4b8000000 [3mmerged_gate_up_weight_hash[0m[2m=[0m119099180687123b [3mmerged_gate_up_scale_hash[0m[2m=[0mda4fcf5288121034 [3mdown_scale_hash[0m[2m=[0m7a572b63ade551a5 [3mmerged_gate_up_alpha_bits[0m[2m=[0m3613280e [3mdown_alpha_bits[0m[2m=[0m366b1a21 [3mmerged_gate_up_retained_bytes[0m[2m=[0m100270084 [3mscratch_cap_m[0m[2m=[0m8192 [3mscratch_cap_k[0m[2m=[0m17408 [3mscratch_packed_bytes[0m[2m=[0m71303168 [3mscratch_scale_bytes[0m[2m=[0m8912896
[2m2026-09-20T23:39:59.011047Z[0m [32m INFO[0m [2mspark_model::layers::dense_ffn[0m[2m:[0m enabled checkpoint-static W4A4 activation scales [3mgate_up_input_scale[0m[2m=[0m0.012462797574698925 [3mdown_input_scale[0m[2m=[0m0.0166480652987957
[2m2026-09-20T23:39:59.164277Z[0m [32m INFO[0m [2mspark_model::layers::dense_ffn[0m[2m:[0m admitted FlashInfer SM121 FFN prefill operands [3mlayer[0m[2m=[0m36 [3mlibrary[0m[2m=[0m/var/tmp/atlas-qwen38-fi-attn-build-20260828-09ce21ada384/artifact/libatlas_fi_fp4_sm121.so [3mlibrary_sha256[0m[2m=[0ma007a82566ca3d3115c8cc0e73e2bbfc0bd1c76b6342313fba7ee5483e49c020 [3mlibrary_device[0m[2m=[0m1 [3mlibrary_inode[0m[2m=[0m404643 [3mmerged_gate_up_weight[0m[2m=[0m0xf6d6e0000000 [3mdown_weight[0m[2m=[0m0xf6e487200000 [3mmerged_gate_up_weight_hash[0m[2m=[0m7b9c2955f22d0211 [3mmerged_gate_up_scale_hash[0m[2m=[0m0645fc697608d3f1 [3mdown_scale_hash[0m[2m=[0m63e5a348626c48c0 [3mmerged_gate_up_alpha_bits[0m[2m=[0m35e95c4d [3mdown_alpha_bits[0m[2m=[0m35cfd18f [3mmerged_gate_up_retained_bytes[0m[2m=[0m100270084 [3mscratch_cap_m[0m[2m=[0m8192 [3mscratch_cap_k[0m[2m=[0m17408 [3mscratch_packed_bytes[0m[2m=[0m71303168 [3mscratch_scale_bytes[0m[2m=[0m8912896
[2m2026-09-20T23:39:59.325401Z[0m [32m INFO[0m [2mspark_model::weight_map::model_a[0m[2m:[0m dense_keep_f32: promoting model.language_model.layers.36.linear_attn.A_log from BF16 to FP32 ([48])
[2m2026-09-20T23:39:59.325495Z[0m [32m INFO[0m [2mspark_model::weight_map::model_a[0m[2m:[0m dense_keep_f32: promoting model.language_model.layers.36.linear_attn.dt_bias from BF16 to FP32 ([48])
[2m2026-09-20T23:39:59.412610Z[0m [32m INFO[0m [2mspark_model::layers::qwen3_ssm::init[0m[2m:[0m M8A: gdn_tree_k handle = 271482820339248 (0 = NOT LOADED)
[2m2026-09-20T23:39:59.412637Z[0m [32m INFO[0m [2mspark_model::layers::qwen3_ssm::init[0m[2m:[0m M8A v2: gdn_tree_wy_k handle = 271482820446320 (0 = NOT LOADED)
[2m2026-09-20T23:39:59.414562Z[0m [32m INFO[0m [2mspark_model::layers::dense_ffn[0m[2m:[0m enabled checkpoint-static W4A4 activation scales [3mgate_up_input_scale[0m[2m=[0m0.01116071455180645 [3mdown_input_scale[0m[2m=[0m0.013857887126505375
[2m2026-09-20T23:39:59.566474Z[0m [32m INFO[0m [2mspark_model::layers::dense_ffn[0m[2m:[0m admitted FlashInfer SM121 FFN prefill operands [3mlayer[0m[2m=[0m37 [3mlibrary[0m[2m=[0m/var/tmp/atlas-qwen38-fi-attn-build-20260828-09ce21ada384/artifact/libatlas_fi_fp4_sm121.so [3mlibrary_sha256[0m[2m=[0ma007a82566ca3d3115c8cc0e73e2bbfc0bd1c76b6342313fba7ee5483e49c020 [3mlibrary_device[0m[2m=[0m1 [3mlibrary_inode[0m[2m=[0m404644 [3mmerged_gate_up_weight[0m[2m=[0m0xf6d6cf400000 [3mdown_weight[0m[2m=[0m0xf6e490600000 [3mmerged_gate_up_weight_hash[0m[2m=[0m39f0844d9db5a967 [3mmerged_gate_up_scale_hash[0m[2m=[0m4c7604bc43110df9 [3mdown_scale_hash[0m[2m=[0m0772b27873806598 [3mmerged_gate_up_alpha_bits[0m[2m=[0m358b51da [3mdown_alpha_bits[0m[2m=[0m35acfd19 [3mmerged_gate_up_retained_bytes[0m[2m=[0m100270084 [3mscratch_cap_m[0m[2m=[0m8192 [3mscratch_cap_k[0m[2m=[0m17408 [3mscratch_packed_bytes[0m[2m=[0m71303168 [3mscratch_scale_bytes[0m[2m=[0m8912896
[2m2026-09-20T23:39:59.706554Z[0m [32m INFO[0m [2mspark_model::weight_map::model_a[0m[2m:[0m dense_keep_f32: promoting model.language_model.layers.37.linear_attn.A_log from BF16 to FP32 ([48])
[2m2026-09-20T23:39:59.706632Z[0m [32m INFO[0m [2mspark_model::weight_map::model_a[0m[2m:[0m dense_keep_f32: promoting model.language_model.layers.37.linear_attn.dt_bias from BF16 to FP32 ([48])
[2m2026-09-20T23:39:59.806683Z[0m [32m INFO[0m [2mspark_model::layers::qwen3_ssm::init[0m[2m:[0m M8A: gdn_tree_k handle = 271482820339248 (0 = NOT LOADED)
[2m2026-09-20T23:39:59.806709Z[0m [32m INFO[0m [2mspark_model::layers::qwen3_ssm::init[0m[2m:[0m M8A v2: gdn_tree_wy_k handle = 271482820446320 (0 = NOT LOADED)
[2m2026-09-20T23:39:59.808608Z[0m [32m INFO[0m [2mspark_model::layers::dense_ffn[0m[2m:[0m enabled checkpoint-static W4A4 activation scales [3mgate_up_input_scale[0m[2m=[0m0.0135788694024086 [3mdown_input_scale[0m[2m=[0m0.0186011902987957
[2m2026-09-20T23:39:59.965459Z[0m [32m INFO[0m [2mspark_model::layers::dense_ffn[0m[2m:[0m admitted FlashInfer SM121 FFN prefill operands [3mlayer[0m[2m=[0m38 [3mlibrary[0m[2m=[0m/var/tmp/atlas-qwen38-fi-attn-build-20260828-09ce21ada384/artifact/libatlas_fi_fp4_sm121.so [3mlibrary_sha256[0m[2m=[0ma007a82566ca3d3115c8cc0e73e2bbfc0bd1c76b6342313fba7ee5483e49c020 [3mlibrary_device[0m[2m=[0m1 [3mlibrary_inode[0m[2m=[0m404645 [3mmerged_gate_up_weight[0m[2m=[0m0xf6d680000000 [3mdown_weight[0m[2m=[0m0xf6e499a00000 [3mmerged_gate_up_weight_hash[0m[2m=[0mec73f0bbe8c1b3fe [3mmerged_gate_up_scale_hash[0m[2m=[0m7379b1642acf8875 [3mdown_scale_hash[0m[2m=[0m4e5f0a6987654cb8 [3mmerged_gate_up_alpha_bits[0m[2m=[0m35fe422e [3mdown_alpha_bits[0m[2m=[0m36ae2651 [3mmerged_gate_up_retained_bytes[0m[2m=[0m100270084 [3mscratch_cap_m[0m[2m=[0m8192 [3mscratch_cap_k[0m[2m=[0m17408 [3mscratch_packed_bytes[0m[2m=[0m71303168 [3mscratch_scale_bytes[0m[2m=[0m8912896
[2m2026-09-20T23:40:00.132779Z[0m [32m INFO[0m [2mspark_model::weight_map::model_a[0m[2m:[0m dense_keep_f32: promoting model.language_model.layers.38.linear_attn.A_log from BF16 to FP32 ([48])
[2m2026-09-20T23:40:00.132914Z[0m [32m INFO[0m [2mspark_model::weight_map::model_a[0m[2m:[0m dense_keep_f32: promoting model.language_model.layers.38.linear_attn.dt_bias from BF16 to FP32 ([48])
[2m2026-09-20T23:40:00.240409Z[0m [32m INFO[0m [2mspark_model::layers::qwen3_ssm::init[0m[2m:[0m M8A: gdn_tree_k handle = 271482820339248 (0 = NOT LOADED)
[2m2026-09-20T23:40:00.240437Z[0m [32m INFO[0m [2mspark_model::layers::qwen3_ssm::init[0m[2m:[0m M8A v2: gdn_tree_wy_k handle = 271482820446320 (0 = NOT LOADED)
[2m2026-09-20T23:40:00.242416Z[0m [32m INFO[0m [2mspark_model::layers::dense_ffn[0m[2m:[0m enabled checkpoint-static W4A4 activation scales [3mgate_up_input_scale[0m[2m=[0m0.014322916977107525 [3mdown_input_scale[0m[2m=[0m0.0186011902987957
[2m2026-09-20T23:40:00.394536Z[0m [32m INFO[0m [2mspark_model::layers::dense_ffn[0m[2m:[0m admitted FlashInfer SM121 FFN prefill operands [3mlayer[0m[2m=[0m39 [3mlibrary[0m[2m=[0m/var/tmp/atlas-qwen38-fi-attn-build-20260828-09ce21ada384/artifact/libatlas_fi_fp4_sm121.so [3mlibrary_sha256[0m[2m=[0ma007a82566ca3d3115c8cc0e73e2bbfc0bd1c76b6342313fba7ee5483e49c020 [3mlibrary_device[0m[2m=[0m1 [3mlibrary_inode[0m[2m=[0m392976 [3mmerged_gate_up_weight[0m[2m=[0m0xf6d66c600000 [3mdown_weight[0m[2m=[0m0xf6e3e0000000 [3mmerged_gate_up_weight_hash[0m[2m=[0mabd38e4d626a4682 [3mmerged_gate_up_scale_hash[0m[2m=[0mddec1f794074dbe5 [3mdown_scale_hash[0m[2m=[0m28c88d0e46d5938b [3mmerged_gate_up_alpha_bits[0m[2m=[0m35b2cb2d [3mdown_alpha_bits[0m[2m=[0m36683316 [3mmerged_gate_up_retained_bytes[0m[2m=[0m100270084 [3mscratch_cap_m[0m[2m=[0m8192 [3mscratch_cap_k[0m[2m=[0m17408 [3mscratch_packed_bytes[0m[2m=[0m71303168 [3mscratch_scale_bytes[0m[2m=[0m8912896
[2m2026-09-20T23:40:00.598894Z[0m [32m INFO[0m [2mspark_model::weight_loader::qwen35_dense[0m[2m:[0m Loaded layers 0..40
[2m2026-09-20T23:40:00.599021Z[0m [32m INFO[0m [2mspark_model::layers::dense_ffn[0m[2m:[0m enabled checkpoint-static W4A4 activation scales [3mgate_up_input_scale[0m[2m=[0m0.01515997014939785 [3mdown_input_scale[0m[2m=[0m0.0193452388048172
[2m2026-09-20T23:40:00.771652Z[0m [32m INFO[0m [2mspark_model::layers::dense_ffn[0m[2m:[0m admitted FlashInfer SM121 FFN prefill operands [3mlayer[0m[2m=[0m40 [3mlibrary[0m[2m=[0m/var/tmp/atlas-qwen38-fi-attn-build-20260828-09ce21ada384/artifact/libatlas_fi_fp4_sm121.so [3mlibrary_sha256[0m[2m=[0ma007a82566ca3d3115c8cc0e73e2bbfc0bd1c76b6342313fba7ee5483e49c020 [3mlibrary_device[0m[2m=[0m1 [3mlibrary_inode[0m[2m=[0m402737 [3mmerged_gate_up_weight[0m[2m=[0m0xf6d644e00000 [3mdown_weight[0m[2m=[0m0xf6e3e3c00000 [3mmerged_gate_up_weight_hash[0m[2m=[0m61235bb9a6182cfa [3mmerged_gate_up_scale_hash[0m[2m=[0m242e5e9c0e4e4298 [3mdown_scale_hash[0m[2m=[0mf9dd80e7bb8870e6 [3mmerged_gate_up_alpha_bits[0m[2m=[0m35bd3e1d [3mdown_alpha_bits[0m[2m=[0m36b51d9c [3mmerged_gate_up_retained_bytes[0m[2m=[0m100270084 [3mscratch_cap_m[0m[2m=[0m8192 [3mscratch_cap_k[0m[2m=[0m17408 [3mscratch_packed_bytes[0m[2m=[0m71303168 [3mscratch_scale_bytes[0m[2m=[0m8912896
[2m2026-09-20T23:40:00.954041Z[0m [32m INFO[0m [2mspark_model::weight_map::model_a[0m[2m:[0m dense_keep_f32: promoting model.language_model.layers.40.linear_attn.A_log from BF16 to FP32 ([48])
[2m2026-09-20T23:40:00.954130Z[0m [32m INFO[0m [2mspark_model::weight_map::model_a[0m[2m:[0m dense_keep_f32: promoting model.language_model.layers.40.linear_attn.dt_bias from BF16 to FP32 ([48])
[2m2026-09-20T23:40:01.060625Z[0m [32m INFO[0m [2mspark_model::layers::qwen3_ssm::init[0m[2m:[0m M8A: gdn_tree_k handle = 271482820339248 (0 = NOT LOADED)
[2m2026-09-20T23:40:01.060651Z[0m [32m INFO[0m [2mspark_model::layers::qwen3_ssm::init[0m[2m:[0m M8A v2: gdn_tree_wy_k handle = 271482820446320 (0 = NOT LOADED)
[2m2026-09-20T23:40:01.062616Z[0m [32m INFO[0m [2mspark_model::layers::dense_ffn[0m[2m:[0m enabled checkpoint-static W4A4 activation scales [3mgate_up_input_scale[0m[2m=[0m0.01404389925301075 [3mdown_input_scale[0m[2m=[0m0.01878720335662365
[2m2026-09-20T23:40:01.221414Z[0m [32m INFO[0m [2mspark_model::layers::dense_ffn[0m[2m:[0m admitted FlashInfer SM121 FFN prefill operands [3mlayer[0m[2m=[0m41 [3mlibrary[0m[2m=[0m/var/tmp/atlas-qwen38-fi-attn-build-20260828-09ce21ada384/artifact/libatlas_fi_fp4_sm121.so [3mlibrary_sha256[0m[2m=[0ma007a82566ca3d3115c8cc0e73e2bbfc0bd1c76b6342313fba7ee5483e49c020 [3mlibrary_device[0m[2m=[0m1 [3mlibrary_inode[0m[2m=[0m400379 [3mmerged_gate_up_weight[0m[2m=[0m0xf6d639400000 [3mdown_weight[0m[2m=[0m0xf6e3ed000000 [3mmerged_gate_up_weight_hash[0m[2m=[0m7c0cc66947da741b [3mmerged_gate_up_scale_hash[0m[2m=[0m1ffdb4c774844167 [3mdown_scale_hash[0m[2m=[0mb0d267e15d0863a2 [3mmerged_gate_up_alpha_bits[0m[2m=[0m35af4f88 [3mdown_alpha_bits[0m[2m=[0m366a8585 [3mmerged_gate_up_retained_bytes[0m[2m=[0m100270084 [3mscratch_cap_m[0m[2m=[0m8192 [3mscratch_cap_k[0m[2m=[0m17408 [3mscratch_packed_bytes[0m[2m=[0m71303168 [3mscratch_scale_bytes[0m[2m=[0m8912896
[2m2026-09-20T23:40:01.376075Z[0m [32m INFO[0m [2mspark_model::weight_map::model_a[0m[2m:[0m dense_keep_f32: promoting model.language_model.layers.41.linear_attn.A_log from BF16 to FP32 ([48])
[2m2026-09-20T23:40:01.376159Z[0m [32m INFO[0m [2mspark_model::weight_map::model_a[0m[2m:[0m dense_keep_f32: promoting model.language_model.layers.41.linear_attn.dt_bias from BF16 to FP32 ([48])
[2m2026-09-20T23:40:01.478875Z[0m [32m INFO[0m [2mspark_model::layers::qwen3_ssm::init[0m[2m:[0m M8A: gdn_tree_k handle = 271482820339248 (0 = NOT LOADED)
[2m2026-09-20T23:40:01.478900Z[0m [32m INFO[0m [2mspark_model::layers::qwen3_ssm::init[0m[2m:[0m M8A v2: gdn_tree_wy_k handle = 271482820446320 (0 = NOT LOADED)
[2m2026-09-20T23:40:01.480962Z[0m [32m INFO[0m [2mspark_model::layers::dense_ffn[0m[2m:[0m enabled checkpoint-static W4A4 activation scales [3mgate_up_input_scale[0m[2m=[0m0.02101934514939785 [3mdown_input_scale[0m[2m=[0m0.02734375
[2m2026-09-20T23:40:01.635401Z[0m [32m INFO[0m [2mspark_model::layers::dense_ffn[0m[2m:[0m admitted FlashInfer SM121 FFN prefill operands [3mlayer[0m[2m=[0m42 [3mlibrary[0m[2m=[0m/var/tmp/atlas-qwen38-fi-attn-build-20260828-09ce21ada384/artifact/libatlas_fi_fp4_sm121.so [3mlibrary_sha256[0m[2m=[0ma007a82566ca3d3115c8cc0e73e2bbfc0bd1c76b6342313fba7ee5483e49c020 [3mlibrary_device[0m[2m=[0m1 [3mlibrary_inode[0m[2m=[0m400380 [3mmerged_gate_up_weight[0m[2m=[0m0xf6d5e4e00000 [3mdown_weight[0m[2m=[0m0xf6e3f6400000 [3mmerged_gate_up_weight_hash[0m[2m=[0m0e260b97a8a46294 [3mmerged_gate_up_scale_hash[0m[2m=[0me7f3ae0337b79c55 [3mdown_scale_hash[0m[2m=[0md6f1c3c3ff6289e2 [3mmerged_gate_up_alpha_bits[0m[2m=[0m3644ca04 [3mdown_alpha_bits[0m[2m=[0m36aaaaab [3mmerged_gate_up_retained_bytes[0m[2m=[0m100270084 [3mscratch_cap_m[0m[2m=[0m8192 [3mscratch_cap_k[0m[2m=[0m17408 [3mscratch_packed_bytes[0m[2m=[0m71303168 [3mscratch_scale_bytes[0m[2m=[0m8912896
[2m2026-09-20T23:40:01.768089Z[0m [32m INFO[0m [2mspark_model::weight_map::model_a[0m[2m:[0m dense_keep_f32: promoting model.language_model.layers.42.linear_attn.A_log from BF16 to FP32 ([48])
[2m2026-09-20T23:40:01.768193Z[0m [32m INFO[0m [2mspark_model::weight_map::model_a[0m[2m:[0m dense_keep_f32: promoting model.language_model.layers.42.linear_attn.dt_bias from BF16 to FP32 ([48])
[2m2026-09-20T23:40:01.885450Z[0m [32m INFO[0m [2mspark_model::layers::qwen3_ssm::init[0m[2m:[0m M8A: gdn_tree_k handle = 271482820339248 (0 = NOT LOADED)
[2m2026-09-20T23:40:01.885478Z[0m [32m INFO[0m [2mspark_model::layers::qwen3_ssm::init[0m[2m:[0m M8A v2: gdn_tree_wy_k handle = 271482820446320 (0 = NOT LOADED)
[2m2026-09-20T23:40:01.887447Z[0m [32m INFO[0m [2mspark_model::layers::dense_ffn[0m[2m:[0m enabled checkpoint-static W4A4 activation scales [3mgate_up_input_scale[0m[2m=[0m0.0146949402987957 [3mdown_input_scale[0m[2m=[0m0.00930059514939785
[2m2026-09-20T23:40:02.044723Z[0m [32m INFO[0m [2mspark_model::layers::dense_ffn[0m[2m:[0m admitted FlashInfer SM121 FFN prefill operands [3mlayer[0m[2m=[0m43 [3mlibrary[0m[2m=[0m/var/tmp/atlas-qwen38-fi-attn-build-20260828-09ce21ada384/artifact/libatlas_fi_fp4_sm121.so [3mlibrary_sha256[0m[2m=[0ma007a82566ca3d3115c8cc0e73e2bbfc0bd1c76b6342313fba7ee5483e49c020 [3mlibrary_device[0m[2m=[0m1 [3mlibrary_inode[0m[2m=[0m404646 [3mmerged_gate_up_weight[0m[2m=[0m0xf6d5d9400000 [3mdown_weight[0m[2m=[0m0xf6e3c0000000 [3mmerged_gate_up_weight_hash[0m[2m=[0m51f0e8bac4cb15b1 [3mmerged_gate_up_scale_hash[0m[2m=[0m3757f2380304dd88 [3mdown_scale_hash[0m[2m=[0m732b3ec41a48bad7 [3mmerged_gate_up_alpha_bits[0m[2m=[0m35899407 [3mdown_alpha_bits[0m[2m=[0m362e2651 [3mmerged_gate_up_retained_bytes[0m[2m=[0m100270084 [3mscratch_cap_m[0m[2m=[0m8192 [3mscratch_cap_k[0m[2m=[0m17408 [3mscratch_packed_bytes[0m[2m=[0m71303168 [3mscratch_scale_bytes[0m[2m=[0m8912896
[2m2026-09-20T23:40:02.249276Z[0m [32m INFO[0m [2mspark_model::layers::dense_ffn[0m[2m:[0m enabled checkpoint-static W4A4 activation scales [3mgate_up_input_scale[0m[2m=[0m0.01404389925301075 [3mdown_input_scale[0m[2m=[0m0.0106956847012043
[2m2026-09-20T23:40:02.416411Z[0m [32m INFO[0m [2mspark_model::layers::dense_ffn[0m[2m:[0m admitted FlashInfer SM121 FFN prefill operands [3mlayer[0m[2m=[0m44 [3mlibrary[0m[2m=[0m/var/tmp/atlas-qwen38-fi-attn-build-20260828-09ce21ada384/artifact/libatlas_fi_fp4_sm121.so [3mlibrary_sha256[0m[2m=[0ma007a82566ca3d3115c8cc0e73e2bbfc0bd1c76b6342313fba7ee5483e49c020 [3mlibrary_device[0m[2m=[0m1 [3mlibrary_inode[0m[2m=[0m392109 [3mmerged_gate_up_weight[0m[2m=[0m0xf6d5a8c00000 [3mdown_weight[0m[2m=[0m0xf6e3cca00000 [3mmerged_gate_up_weight_hash[0m[2m=[0m9acfb17124902ba8 [3mmerged_gate_up_scale_hash[0m[2m=[0md46324c97fd65978 [3mdown_scale_hash[0m[2m=[0m9f46b874c7ef7217 [3mmerged_gate_up_alpha_bits[0m[2m=[0m35af4f88 [3mdown_alpha_bits[0m[2m=[0m360583c6 [3mmerged_gate_up_retained_bytes[0m[2m=[0m100270084 [3mscratch_cap_m[0m[2m=[0m8192 [3mscratch_cap_k[0m[2m=[0m17408 [3mscratch_packed_bytes[0m[2m=[0m71303168 [3mscratch_scale_bytes[0m[2m=[0m8912896
[2m2026-09-20T23:40:02.573316Z[0m [32m INFO[0m [2mspark_model::weight_map::model_a[0m[2m:[0m dense_keep_f32: promoting model.language_model.layers.44.linear_attn.A_log from BF16 to FP32 ([48])
[2m2026-09-20T23:40:02.573413Z[0m [32m INFO[0m [2mspark_model::weight_map::model_a[0m[2m:[0m dense_keep_f32: promoting model.language_model.layers.44.linear_attn.dt_bias from BF16 to FP32 ([48])
[2m2026-09-20T23:40:02.680909Z[0m [32m INFO[0m [2mspark_model::layers::qwen3_ssm::init[0m[2m:[0m M8A: gdn_tree_k handle = 271482820339248 (0 = NOT LOADED)
[2m2026-09-20T23:40:02.680937Z[0m [32m INFO[0m [2mspark_model::layers::qwen3_ssm::init[0m[2m:[0m M8A v2: gdn_tree_wy_k handle = 271482820446320 (0 = NOT LOADED)
[2m2026-09-20T23:40:02.683038Z[0m [32m INFO[0m [2mspark_model::layers::dense_ffn[0m[2m:[0m enabled checkpoint-static W4A4 activation scales [3mgate_up_input_scale[0m[2m=[0m0.013299851678311825 [3mdown_input_scale[0m[2m=[0m0.01915922574698925
[2m2026-09-20T23:40:02.840653Z[0m [32m INFO[0m [2mspark_model::layers::dense_ffn[0m[2m:[0m admitted FlashInfer SM121 FFN prefill operands [3mlayer[0m[2m=[0m45 [3mlibrary[0m[2m=[0m/var/tmp/atlas-qwen38-fi-attn-build-20260828-09ce21ada384/artifact/libatlas_fi_fp4_sm121.so [3mlibrary_sha256[0m[2m=[0ma007a82566ca3d3115c8cc0e73e2bbfc0bd1c76b6342313fba7ee5483e49c020 [3mlibrary_device[0m[2m=[0m1 [3mlibrary_inode[0m[2m=[0m400381 [3mmerged_gate_up_weight[0m[2m=[0m0xf6d599400000 [3mdown_weight[0m[2m=[0m0xf6e3d5e00000 [3mmerged_gate_up_weight_hash[0m[2m=[0m09bb7ed5bc03bd4d [3mmerged_gate_up_scale_hash[0m[2m=[0m44df780e352754a7 [3mdown_scale_hash[0m[2m=[0m18da4e679626a55a [3mmerged_gate_up_alpha_bits[0m[2m=[0m35a605cf [3mdown_alpha_bits[0m[2m=[0m36335fc9 [3mmerged_gate_up_retained_bytes[0m[2m=[0m100270084 [3mscratch_cap_m[0m[2m=[0m8192 [3mscratch_cap_k[0m[2m=[0m17408 [3mscratch_packed_bytes[0m[2m=[0m71303168 [3mscratch_scale_bytes[0m[2m=[0m8912896
[2m2026-09-20T23:40:02.963502Z[0m [32m INFO[0m [2mspark_model::weight_map::model_a[0m[2m:[0m dense_keep_f32: promoting model.language_model.layers.45.linear_attn.A_log from BF16 to FP32 ([48])
[2m2026-09-20T23:40:02.963622Z[0m [32m INFO[0m [2mspark_model::weight_map::model_a[0m[2m:[0m dense_keep_f32: promoting model.language_model.layers.45.linear_attn.dt_bias from BF16 to FP32 ([48])
[2m2026-09-20T23:40:03.068099Z[0m [32m INFO[0m [2mspark_model::layers::qwen3_ssm::init[0m[2m:[0m M8A: gdn_tree_k handle = 271482820339248 (0 = NOT LOADED)
[2m2026-09-20T23:40:03.068125Z[0m [32m INFO[0m [2mspark_model::layers::qwen3_ssm::init[0m[2m:[0m M8A v2: gdn_tree_wy_k handle = 271482820446320 (0 = NOT LOADED)
[2m2026-09-20T23:40:03.070004Z[0m [32m INFO[0m [2mspark_model::layers::dense_ffn[0m[2m:[0m enabled checkpoint-static W4A4 activation scales [3mgate_up_input_scale[0m[2m=[0m0.0157180055975914 [3mdown_input_scale[0m[2m=[0m0.0135788694024086
[2m2026-09-20T23:40:03.226041Z[0m [32m INFO[0m [2mspark_model::layers::dense_ffn[0m[2m:[0m admitted FlashInfer SM121 FFN prefill operands [3mlayer[0m[2m=[0m46 [3mlibrary[0m[2m=[0m/var/tmp/atlas-qwen38-fi-attn-build-20260828-09ce21ada384/artifact/libatlas_fi_fp4_sm121.so [3mlibrary_sha256[0m[2m=[0ma007a82566ca3d3115c8cc0e73e2bbfc0bd1c76b6342313fba7ee5483e49c020 [3mlibrary_device[0m[2m=[0m1 [3mlibrary_inode[0m[2m=[0m410663 [3mmerged_gate_up_weight[0m[2m=[0m0xf6d546c00000 [3mdown_weight[0m[2m=[0m0xf6e3a0000000 [3mmerged_gate_up_weight_hash[0m[2m=[0mcea0a310bd725e46 [3mmerged_gate_up_scale_hash[0m[2m=[0m4d54b7ba372d8514 [3mdown_scale_hash[0m[2m=[0md0a7f4ba399c6968 [3mmerged_gate_up_alpha_bits[0m[2m=[0m3613280e [3mdown_alpha_bits[0m[2m=[0m367e422e [3mmerged_gate_up_retained_bytes[0m[2m=[0m100270084 [3mscratch_cap_m[0m[2m=[0m8192 [3mscratch_cap_k[0m[2m=[0m17408 [3mscratch_packed_bytes[0m[2m=[0m71303168 [3mscratch_scale_bytes[0m[2m=[0m8912896
[2m2026-09-20T23:40:03.358244Z[0m [32m INFO[0m [2mspark_model::weight_map::model_a[0m[2m:[0m dense_keep_f32: promoting model.language_model.layers.46.linear_attn.A_log from BF16 to FP32 ([48])
[2m2026-09-20T23:40:03.358372Z[0m [32m INFO[0m [2mspark_model::weight_map::model_a[0m[2m:[0m dense_keep_f32: promoting model.language_model.layers.46.linear_attn.dt_bias from BF16 to FP32 ([48])
[2m2026-09-20T23:40:03.485407Z[0m [32m INFO[0m [2mspark_model::layers::qwen3_ssm::init[0m[2m:[0m M8A: gdn_tree_k handle = 271482820339248 (0 = NOT LOADED)
[2m2026-09-20T23:40:03.485445Z[0m [32m INFO[0m [2mspark_model::layers::qwen3_ssm::init[0m[2m:[0m M8A v2: gdn_tree_wy_k handle = 271482820446320 (0 = NOT LOADED)
[2m2026-09-20T23:40:03.487557Z[0m [32m INFO[0m [2mspark_model::layers::dense_ffn[0m[2m:[0m enabled checkpoint-static W4A4 activation scales [3mgate_up_input_scale[0m[2m=[0m0.01897321455180645 [3mdown_input_scale[0m[2m=[0m0.011997767724096775
[2m2026-09-20T23:40:03.652822Z[0m [32m INFO[0m [2mspark_model::layers::dense_ffn[0m[2m:[0m admitted FlashInfer SM121 FFN prefill operands [3mlayer[0m[2m=[0m47 [3mlibrary[0m[2m=[0m/var/tmp/atlas-qwen38-fi-attn-build-20260828-09ce21ada384/artifact/libatlas_fi_fp4_sm121.so [3mlibrary_sha256[0m[2m=[0ma007a82566ca3d3115c8cc0e73e2bbfc0bd1c76b6342313fba7ee5483e49c020 [3mlibrary_device[0m[2m=[0m1 [3mlibrary_inode[0m[2m=[0m397912 [3mmerged_gate_up_weight[0m[2m=[0m0xf6d539400000 [3mdown_weight[0m[2m=[0m0xf6e3a8400000 [3mmerged_gate_up_weight_hash[0m[2m=[0m7c347250264444be [3mmerged_gate_up_scale_hash[0m[2m=[0mcce1d53cd7a87ab9 [3mdown_scale_hash[0m[2m=[0m1e1b369b8f0f71be [3mmerged_gate_up_alpha_bits[0m[2m=[0m35ecd7f3 [3mdown_alpha_bits[0m[2m=[0m3660a730 [3mmerged_gate_up_retained_bytes[0m[2m=[0m100270084 [3mscratch_cap_m[0m[2m=[0m8192 [3mscratch_cap_k[0m[2m=[0m17408 [3mscratch_packed_bytes[0m[2m=[0m71303168 [3mscratch_scale_bytes[0m[2m=[0m8912896
[2m2026-09-20T23:40:03.912439Z[0m [32m INFO[0m [2mspark_model::layers::dense_ffn[0m[2m:[0m enabled checkpoint-static W4A4 activation scales [3mgate_up_input_scale[0m[2m=[0m0.01609002985060215 [3mdown_input_scale[0m[2m=[0m0.01506696455180645
[2m2026-09-20T23:40:04.080813Z[0m [32m INFO[0m [2mspark_model::layers::dense_ffn[0m[2m:[0m admitted FlashInfer SM121 FFN prefill operands [3mlayer[0m[2m=[0m48 [3mlibrary[0m[2m=[0m/var/tmp/atlas-qwen38-fi-attn-build-20260828-09ce21ada384/artifact/libatlas_fi_fp4_sm121.so [3mlibrary_sha256[0m[2m=[0ma007a82566ca3d3115c8cc0e73e2bbfc0bd1c76b6342313fba7ee5483e49c020 [3mlibrary_device[0m[2m=[0m1 [3mlibrary_inode[0m[2m=[0m400382 [3mmerged_gate_up_weight[0m[2m=[0m0xf6d510200000 [3mdown_weight[0m[2m=[0m0xf6e3b4e00000 [3mmerged_gate_up_weight_hash[0m[2m=[0mc88e36162382c3c1 [3mmerged_gate_up_scale_hash[0m[2m=[0ma8a29f42f7509e03 [3mdown_scale_hash[0m[2m=[0ma7325c686e9dd980 [3mmerged_gate_up_alpha_bits[0m[2m=[0m3616a3b4 [3mdown_alpha_bits[0m[2m=[0m368d0fad [3mmerged_gate_up_retained_bytes[0m[2m=[0m100270084 [3mscratch_cap_m[0m[2m=[0m8192 [3mscratch_cap_k[0m[2m=[0m17408 [3mscratch_packed_bytes[0m[2m=[0m71303168 [3mscratch_scale_bytes[0m[2m=[0m8912896
[2m2026-09-20T23:40:04.238619Z[0m [32m INFO[0m [2mspark_model::weight_map::model_a[0m[2m:[0m dense_keep_f32: promoting model.language_model.layers.48.linear_attn.A_log from BF16 to FP32 ([48])
[2m2026-09-20T23:40:04.238769Z[0m [32m INFO[0m [2mspark_model::weight_map::model_a[0m[2m:[0m dense_keep_f32: promoting model.language_model.layers.48.linear_attn.dt_bias from BF16 to FP32 ([48])
[2m2026-09-20T23:40:04.354706Z[0m [32m INFO[0m [2mspark_model::layers::qwen3_ssm::init[0m[2m:[0m M8A: gdn_tree_k handle = 271482820339248 (0 = NOT LOADED)
[2m2026-09-20T23:40:04.354734Z[0m [32m INFO[0m [2mspark_model::layers::qwen3_ssm::init[0m[2m:[0m M8A v2: gdn_tree_wy_k handle = 271482820446320 (0 = NOT LOADED)
[2m2026-09-20T23:40:04.356685Z[0m [32m INFO[0m [2mspark_model::layers::dense_ffn[0m[2m:[0m enabled checkpoint-static W4A4 activation scales [3mgate_up_input_scale[0m[2m=[0m0.015625 [3mdown_input_scale[0m[2m=[0m0.013764881528913975
[2m2026-09-20T23:40:04.509375Z[0m [32m INFO[0m [2mspark_model::layers::dense_ffn[0m[2m:[0m admitted FlashInfer SM121 FFN prefill operands [3mlayer[0m[2m=[0m49 [3mlibrary[0m[2m=[0m/var/tmp/atlas-qwen38-fi-attn-build-20260828-09ce21ada384/artifact/libatlas_fi_fp4_sm121.so [3mlibrary_sha256[0m[2m=[0ma007a82566ca3d3115c8cc0e73e2bbfc0bd1c76b6342313fba7ee5483e49c020 [3mlibrary_device[0m[2m=[0m1 [3mlibrary_inode[0m[2m=[0m410664 [3mmerged_gate_up_weight[0m[2m=[0m0xf6d4c0000000 [3mdown_weight[0m[2m=[0m0xf6e380000000 [3mmerged_gate_up_weight_hash[0m[2m=[0m79565aa964cc4e2d [3mmerged_gate_up_scale_hash[0m[2m=[0mb4aecef42cef13eb [3mdown_scale_hash[0m[2m=[0mbf4051071b46d113 [3mmerged_gate_up_alpha_bits[0m[2m=[0m36124925 [3mdown_alpha_bits[0m[2m=[0m3680deea [3mmerged_gate_up_retained_bytes[0m[2m=[0m100270084 [3mscratch_cap_m[0m[2m=[0m8192 [3mscratch_cap_k[0m[2m=[0m17408 [3mscratch_packed_bytes[0m[2m=[0m71303168 [3mscratch_scale_bytes[0m[2m=[0m8912896
[2m2026-09-20T23:40:04.641356Z[0m [32m INFO[0m [2mspark_model::weight_map::model_a[0m[2m:[0m dense_keep_f32: promoting model.language_model.layers.49.linear_attn.A_log from BF16 to FP32 ([48])
[2m2026-09-20T23:40:04.641447Z[0m [32m INFO[0m [2mspark_model::weight_map::model_a[0m[2m:[0m dense_keep_f32: promoting model.language_model.layers.49.linear_attn.dt_bias from BF16 to FP32 ([48])
[2m2026-09-20T23:40:04.721606Z[0m [32m INFO[0m [2mspark_model::layers::qwen3_ssm::init[0m[2m:[0m M8A: gdn_tree_k handle = 271482820339248 (0 = NOT LOADED)
[2m2026-09-20T23:40:04.721643Z[0m [32m INFO[0m [2mspark_model::layers::qwen3_ssm::init[0m[2m:[0m M8A v2: gdn_tree_wy_k handle = 271482820446320 (0 = NOT LOADED)
[2m2026-09-20T23:40:04.723400Z[0m [32m INFO[0m [2mspark_model::weight_loader::qwen35_dense[0m[2m:[0m Loaded layers 0..50
[2m2026-09-20T23:40:04.723492Z[0m [32m INFO[0m [2mspark_model::layers::dense_ffn[0m[2m:[0m enabled checkpoint-static W4A4 activation scales [3mgate_up_input_scale[0m[2m=[0m0.02083333395421505 [3mdown_input_scale[0m[2m=[0m0.02083333395421505
[2m2026-09-20T23:40:04.874816Z[0m [32m INFO[0m [2mspark_model::layers::dense_ffn[0m[2m:[0m admitted FlashInfer SM121 FFN prefill operands [3mlayer[0m[2m=[0m50 [3mlibrary[0m[2m=[0m/var/tmp/atlas-qwen38-fi-attn-build-20260828-09ce21ada384/artifact/libatlas_fi_fp4_sm121.so [3mlibrary_sha256[0m[2m=[0ma007a82566ca3d3115c8cc0e73e2bbfc0bd1c76b6342313fba7ee5483e49c020 [3mlibrary_device[0m[2m=[0m1 [3mlibrary_inode[0m[2m=[0m403974 [3mmerged_gate_up_weight[0m[2m=[0m0xf6d4ac600000 [3mdown_weight[0m[2m=[0m0xf6e389400000 [3mmerged_gate_up_weight_hash[0m[2m=[0m0e4b51ba75fe371e [3mmerged_gate_up_scale_hash[0m[2m=[0m7575ced699d28039 [3mdown_scale_hash[0m[2m=[0m7cee29ed2308b09c [3mmerged_gate_up_alpha_bits[0m[2m=[0m36020821 [3mdown_alpha_bits[0m[2m=[0m36820821 [3mmerged_gate_up_retained_bytes[0m[2m=[0m100270084 [3mscratch_cap_m[0m[2m=[0m8192 [3mscratch_cap_k[0m[2m=[0m17408 [3mscratch_packed_bytes[0m[2m=[0m71303168 [3mscratch_scale_bytes[0m[2m=[0m8912896
[2m2026-09-20T23:40:05.035274Z[0m [32m INFO[0m [2mspark_model::weight_map::model_a[0m[2m:[0m dense_keep_f32: promoting model.language_model.layers.50.linear_attn.A_log from BF16 to FP32 ([48])
[2m2026-09-20T23:40:05.035366Z[0m [32m INFO[0m [2mspark_model::weight_map::model_a[0m[2m:[0m dense_keep_f32: promoting model.language_model.layers.50.linear_attn.dt_bias from BF16 to FP32 ([48])
[2m2026-09-20T23:40:05.136117Z[0m [32m INFO[0m [2mspark_model::layers::qwen3_ssm::init[0m[2m:[0m M8A: gdn_tree_k handle = 271482820339248 (0 = NOT LOADED)
[2m2026-09-20T23:40:05.136153Z[0m [32m INFO[0m [2mspark_model::layers::qwen3_ssm::init[0m[2m:[0m M8A v2: gdn_tree_wy_k handle = 271482820446320 (0 = NOT LOADED)
[2m2026-09-20T23:40:05.147851Z[0m [32m INFO[0m [2mspark_model::layers::dense_ffn[0m[2m:[0m enabled checkpoint-static W4A4 activation scales [3mgate_up_input_scale[0m[2m=[0m0.01804315485060215 [3mdown_input_scale[0m[2m=[0m0.0260416679084301
[2m2026-09-20T23:40:05.322442Z[0m [32m INFO[0m [2mspark_model::layers::dense_ffn[0m[2m:[0m admitted FlashInfer SM121 FFN prefill operands [3mlayer[0m[2m=[0m51 [3mlibrary[0m[2m=[0m/var/tmp/atlas-qwen38-fi-attn-build-20260828-09ce21ada384/artifact/libatlas_fi_fp4_sm121.so [3mlibrary_sha256[0m[2m=[0ma007a82566ca3d3115c8cc0e73e2bbfc0bd1c76b6342313fba7ee5483e49c020 [3mlibrary_device[0m[2m=[0m1 [3mlibrary_inode[0m[2m=[0m392977 [3mmerged_gate_up_weight[0m[2m=[0m0xf6d460000000 [3mdown_weight[0m[2m=[0m0xf6e391800000 [3mmerged_gate_up_weight_hash[0m[2m=[0mbf459d3260917503 [3mmerged_gate_up_scale_hash[0m[2m=[0mec212706fb505ed9 [3mdown_scale_hash[0m[2m=[0m30523c6d9ddd63aa [3mmerged_gate_up_alpha_bits[0m[2m=[0m35e13bcb [3mdown_alpha_bits[0m[2m=[0m36f3cf3e [3mmerged_gate_up_retained_bytes[0m[2m=[0m100270084 [3mscratch_cap_m[0m[2m=[0m8192 [3mscratch_cap_k[0m[2m=[0m17408 [3mscratch_packed_bytes[0m[2m=[0m71303168 [3mscratch_scale_bytes[0m[2m=[0m8912896
[2m2026-09-20T23:40:05.499425Z[0m [32m INFO[0m [2mspark_model::layers::dense_ffn[0m[2m:[0m enabled checkpoint-static W4A4 activation scales [3mgate_up_input_scale[0m[2m=[0m0.0172991082072258 [3mdown_input_scale[0m[2m=[0m0.0338541679084301
[2m2026-09-20T23:40:05.741363Z[0m [32m INFO[0m [2mspark_model::layers::dense_ffn[0m[2m:[0m admitted FlashInfer SM121 FFN prefill operands [3mlayer[0m[2m=[0m52 [3mlibrary[0m[2m=[0m/var/tmp/atlas-qwen38-fi-attn-build-20260828-09ce21ada384/artifact/libatlas_fi_fp4_sm121.so [3mlibrary_sha256[0m[2m=[0ma007a82566ca3d3115c8cc0e73e2bbfc0bd1c76b6342313fba7ee5483e49c020 [3mlibrary_device[0m[2m=[0m1 [3mlibrary_inode[0m[2m=[0m398877 [3mmerged_gate_up_weight[0m[2m=[0m0xf6d479c00000 [3mdown_weight[0m[2m=[0m0xf6e318e00000 [3mmerged_gate_up_weight_hash[0m[2m=[0m7c34f246a2f48dc8 [3mmerged_gate_up_scale_hash[0m[2m=[0m2a5e50f44d0a5f8f [3mdown_scale_hash[0m[2m=[0m87a8880ab3f3fff8 [3mmerged_gate_up_alpha_bits[0m[2m=[0m3621f58e [3mdown_alpha_bits[0m[2m=[0m371e79e8 [3mmerged_gate_up_retained_bytes[0m[2m=[0m100270084 [3mscratch_cap_m[0m[2m=[0m8192 [3mscratch_cap_k[0m[2m=[0m17408 [3mscratch_packed_bytes[0m[2m=[0m71303168 [3mscratch_scale_bytes[0m[2m=[0m8912896
[2m2026-09-20T23:40:05.916584Z[0m [32m INFO[0m [2mspark_model::weight_map::model_a[0m[2m:[0m dense_keep_f32: promoting model.language_model.layers.52.linear_attn.A_log from BF16 to FP32 ([48])
[2m2026-09-20T23:40:05.916721Z[0m [32m INFO[0m [2mspark_model::weight_map::model_a[0m[2m:[0m dense_keep_f32: promoting model.language_model.layers.52.linear_attn.dt_bias from BF16 to FP32 ([48])
[2m2026-09-20T23:40:06.034866Z[0m [32m INFO[0m [2mspark_model::layers::qwen3_ssm::init[0m[2m:[0m M8A: gdn_tree_k handle = 271482820339248 (0 = NOT LOADED)
[2m2026-09-20T23:40:06.034904Z[0m [32m INFO[0m [2mspark_model::layers::qwen3_ssm::init[0m[2m:[0m M8A v2: gdn_tree_wy_k handle = 271482820446320 (0 = NOT LOADED)
[2m2026-09-20T23:40:06.037167Z[0m [32m INFO[0m [2mspark_model::layers::dense_ffn[0m[2m:[0m enabled checkpoint-static W4A4 activation scales [3mgate_up_input_scale[0m[2m=[0m0.0174851194024086 [3mdown_input_scale[0m[2m=[0m0.0355282761156559
[2m2026-09-20T23:40:06.278921Z[0m [32m INFO[0m [2mspark_model::layers::dense_ffn[0m[2m:[0m admitted FlashInfer SM121 FFN prefill operands [3mlayer[0m[2m=[0m53 [3mlibrary[0m[2m=[0m/var/tmp/atlas-qwen38-fi-attn-build-20260828-09ce21ada384/artifact/libatlas_fi_fp4_sm121.so [3mlibrary_sha256[0m[2m=[0ma007a82566ca3d3115c8cc0e73e2bbfc0bd1c76b6342313fba7ee5483e49c020 [3mlibrary_device[0m[2m=[0m1 [3mlibrary_inode[0m[2m=[0m396038 [3mmerged_gate_up_weight[0m[2m=[0m0xf6d424e00000 [3mdown_weight[0m[2m=[0m0xf6e31ca00000 [3mmerged_gate_up_weight_hash[0m[2m=[0m99d64e5c3df1e3ee [3mmerged_gate_up_scale_hash[0m[2m=[0md53d3527859dcf03 [3mdown_scale_hash[0m[2m=[0m29facfcf5bb764de [3mmerged_gate_up_alpha_bits[0m[2m=[0m3623b360 [3mdown_alpha_bits[0m[2m=[0m36ddc026 [3mmerged_gate_up_retained_bytes[0m[2m=[0m100270084 [3mscratch_cap_m[0m[2m=[0m8192 [3mscratch_cap_k[0m[2m=[0m17408 [3mscratch_packed_bytes[0m[2m=[0m71303168 [3mscratch_scale_bytes[0m[2m=[0m8912896
[2m2026-09-20T23:40:06.475670Z[0m [32m INFO[0m [2mspark_model::weight_map::model_a[0m[2m:[0m dense_keep_f32: promoting model.language_model.layers.53.linear_attn.A_log from BF16 to FP32 ([48])
[2m2026-09-20T23:40:06.475834Z[0m [32m INFO[0m [2mspark_model::weight_map::model_a[0m[2m:[0m dense_keep_f32: promoting model.language_model.layers.53.linear_attn.dt_bias from BF16 to FP32 ([48])
[2m2026-09-20T23:40:06.668314Z[0m [32m INFO[0m [2mspark_model::layers::qwen3_ssm::init[0m[2m:[0m M8A: gdn_tree_k handle = 271482820339248 (0 = NOT LOADED)
[2m2026-09-20T23:40:06.668347Z[0m [32m INFO[0m [2mspark_model::layers::qwen3_ssm::init[0m[2m:[0m M8A v2: gdn_tree_wy_k handle = 271482820446320 (0 = NOT LOADED)
[2m2026-09-20T23:40:06.679895Z[0m [32m INFO[0m [2mspark_model::layers::dense_ffn[0m[2m:[0m enabled checkpoint-static W4A4 activation scales [3mgate_up_input_scale[0m[2m=[0m0.0201822929084301 [3mdown_input_scale[0m[2m=[0m0.146577388048172
[2m2026-09-20T23:40:06.920128Z[0m [32m INFO[0m [2mspark_model::layers::dense_ffn[0m[2m:[0m admitted FlashInfer SM121 FFN prefill operands [3mlayer[0m[2m=[0m54 [3mlibrary[0m[2m=[0m/var/tmp/atlas-qwen38-fi-attn-build-20260828-09ce21ada384/artifact/libatlas_fi_fp4_sm121.so [3mlibrary_sha256[0m[2m=[0ma007a82566ca3d3115c8cc0e73e2bbfc0bd1c76b6342313fba7ee5483e49c020 [3mlibrary_device[0m[2m=[0m1 [3mlibrary_inode[0m[2m=[0m396039 [3mmerged_gate_up_weight[0m[2m=[0m0xf6d419600000 [3mdown_weight[0m[2m=[0m0xf6e2e6800000 [3mmerged_gate_up_weight_hash[0m[2m=[0m65841dade4c14b06 [3mmerged_gate_up_scale_hash[0m[2m=[0m4a24808c3c4bd2b9 [3mdown_scale_hash[0m[2m=[0mae094abb56267cc3 [3mmerged_gate_up_alpha_bits[0m[2m=[0m363cf3d1 [3mdown_alpha_bits[0m[2m=[0m382b8995 [3mmerged_gate_up_retained_bytes[0m[2m=[0m100270084 [3mscratch_cap_m[0m[2m=[0m8192 [3mscratch_cap_k[0m[2m=[0m17408 [3mscratch_packed_bytes[0m[2m=[0m71303168 [3mscratch_scale_bytes[0m[2m=[0m8912896
[2m2026-09-20T23:40:07.076015Z[0m [32m INFO[0m [2mspark_model::weight_map::model_a[0m[2m:[0m dense_keep_f32: promoting model.language_model.layers.54.linear_attn.A_log from BF16 to FP32 ([48])
[2m2026-09-20T23:40:07.076133Z[0m [32m INFO[0m [2mspark_model::weight_map::model_a[0m[2m:[0m dense_keep_f32: promoting model.language_model.layers.54.linear_attn.dt_bias from BF16 to FP32 ([48])
[2m2026-09-20T23:40:07.229433Z[0m [32m INFO[0m [2mspark_model::layers::qwen3_ssm::init[0m[2m:[0m M8A: gdn_tree_k handle = 271482820339248 (0 = NOT LOADED)
[2m2026-09-20T23:40:07.229470Z[0m [32m INFO[0m [2mspark_model::layers::qwen3_ssm::init[0m[2m:[0m M8A v2: gdn_tree_wy_k handle = 271482820446320 (0 = NOT LOADED)
[2m2026-09-20T23:40:07.231900Z[0m [32m INFO[0m [2mspark_model::layers::dense_ffn[0m[2m:[0m enabled checkpoint-static W4A4 activation scales [3mgate_up_input_scale[0m[2m=[0m0.01776413805782795 [3mdown_input_scale[0m[2m=[0m0.0513392873108387
[2m2026-09-20T23:40:07.418005Z[0m [32m INFO[0m [2mspark_model::layers::dense_ffn[0m[2m:[0m admitted FlashInfer SM121 FFN prefill operands [3mlayer[0m[2m=[0m55 [3mlibrary[0m[2m=[0m/var/tmp/atlas-qwen38-fi-attn-build-20260828-09ce21ada384/artifact/libatlas_fi_fp4_sm121.so [3mlibrary_sha256[0m[2m=[0ma007a82566ca3d3115c8cc0e73e2bbfc0bd1c76b6342313fba7ee5483e49c020 [3mlibrary_device[0m[2m=[0m1 [3mlibrary_inode[0m[2m=[0m408661 [3mmerged_gate_up_weight[0m[2m=[0m0xf6d3c4e00000 [3mdown_weight[0m[2m=[0m0xf6e2eec00000 [3mmerged_gate_up_weight_hash[0m[2m=[0md968d2e4c48777c4 [3mmerged_gate_up_scale_hash[0m[2m=[0ma477dbf6cc78f8de [3mdown_scale_hash[0m[2m=[0m01d5f283c258b6fd [3mmerged_gate_up_alpha_bits[0m[2m=[0m3626501d [3mdown_alpha_bits[0m[2m=[0m37705399 [3mmerged_gate_up_retained_bytes[0m[2m=[0m100270084 [3mscratch_cap_m[0m[2m=[0m8192 [3mscratch_cap_k[0m[2m=[0m17408 [3mscratch_packed_bytes[0m[2m=[0m71303168 [3mscratch_scale_bytes[0m[2m=[0m8912896
[2m2026-09-20T23:40:07.608195Z[0m [32m INFO[0m [2mspark_model::layers::dense_ffn[0m[2m:[0m enabled checkpoint-static W4A4 activation scales [3mgate_up_input_scale[0m[2m=[0m0.01609002985060215 [3mdown_input_scale[0m[2m=[0m0.0572916679084301
[2m2026-09-20T23:40:07.762280Z[0m [32m INFO[0m [2mspark_model::layers::dense_ffn[0m[2m:[0m admitted FlashInfer SM121 FFN prefill operands [3mlayer[0m[2m=[0m56 [3mlibrary[0m[2m=[0m/var/tmp/atlas-qwen38-fi-attn-build-20260828-09ce21ada384/artifact/libatlas_fi_fp4_sm121.so [3mlibrary_sha256[0m[2m=[0ma007a82566ca3d3115c8cc0e73e2bbfc0bd1c76b6342313fba7ee5483e49c020 [3mlibrary_device[0m[2m=[0m1 [3mlibrary_inode[0m[2m=[0m392978 [3mmerged_gate_up_weight[0m[2m=[0m0xf6d3a0000000 [3mdown_weight[0m[2m=[0m0xf6e2fb600000 [3mmerged_gate_up_weight_hash[0m[2m=[0m99de478f21101a4c [3mmerged_gate_up_scale_hash[0m[2m=[0m7d15ec0da1bf7e36 [3mdown_scale_hash[0m[2m=[0m48414d7f62c48073 [3mmerged_gate_up_alpha_bits[0m[2m=[0m3616a3b4 [3mdown_alpha_bits[0m[2m=[0m37861862 [3mmerged_gate_up_retained_bytes[0m[2m=[0m100270084 [3mscratch_cap_m[0m[2m=[0m8192 [3mscratch_cap_k[0m[2m=[0m17408 [3mscratch_packed_bytes[0m[2m=[0m71303168 [3mscratch_scale_bytes[0m[2m=[0m8912896
[2m2026-09-20T23:40:07.883358Z[0m [32m INFO[0m [2mspark_model::weight_map::model_a[0m[2m:[0m dense_keep_f32: promoting model.language_model.layers.56.linear_attn.A_log from BF16 to FP32 ([48])
[2m2026-09-20T23:40:07.883469Z[0m [32m INFO[0m [2mspark_model::weight_map::model_a[0m[2m:[0m dense_keep_f32: promoting model.language_model.layers.56.linear_attn.dt_bias from BF16 to FP32 ([48])
[2m2026-09-20T23:40:07.987261Z[0m [32m INFO[0m [2mspark_model::layers::qwen3_ssm::init[0m[2m:[0m M8A: gdn_tree_k handle = 271482820339248 (0 = NOT LOADED)
[2m2026-09-20T23:40:07.987290Z[0m [32m INFO[0m [2mspark_model::layers::qwen3_ssm::init[0m[2m:[0m M8A v2: gdn_tree_wy_k handle = 271482820446320 (0 = NOT LOADED)
[2m2026-09-20T23:40:07.989108Z[0m [32m INFO[0m [2mspark_model::layers::dense_ffn[0m[2m:[0m enabled checkpoint-static W4A4 activation scales [3mgate_up_input_scale[0m[2m=[0m0.01590401865541935 [3mdown_input_scale[0m[2m=[0m0.0420386902987957
[2m2026-09-20T23:40:08.146460Z[0m [32m INFO[0m [2mspark_model::layers::dense_ffn[0m[2m:[0m admitted FlashInfer SM121 FFN prefill operands [3mlayer[0m[2m=[0m57 [3mlibrary[0m[2m=[0m/var/tmp/atlas-qwen38-fi-attn-build-20260828-09ce21ada384/artifact/libatlas_fi_fp4_sm121.so [3mlibrary_sha256[0m[2m=[0ma007a82566ca3d3115c8cc0e73e2bbfc0bd1c76b6342313fba7ee5483e49c020 [3mlibrary_device[0m[2m=[0m1 [3mlibrary_inode[0m[2m=[0m392979 [3mmerged_gate_up_weight[0m[2m=[0m0xf6d38c600000 [3mdown_weight[0m[2m=[0m0xf6e2c6800000 [3mmerged_gate_up_weight_hash[0m[2m=[0mc4fdbeee409a091b [3mmerged_gate_up_scale_hash[0m[2m=[0me6551f8e764d7bc8 [3mdown_scale_hash[0m[2m=[0m56a33cef088622f0 [3mmerged_gate_up_alpha_bits[0m[2m=[0m364687d7 [3mdown_alpha_bits[0m[2m=[0m3744ca04 [3mmerged_gate_up_retained_bytes[0m[2m=[0m100270084 [3mscratch_cap_m[0m[2m=[0m8192 [3mscratch_cap_k[0m[2m=[0m17408 [3mscratch_packed_bytes[0m[2m=[0m71303168 [3mscratch_scale_bytes[0m[2m=[0m8912896
[2m2026-09-20T23:40:08.280774Z[0m [32m INFO[0m [2mspark_model::weight_map::model_a[0m[2m:[0m dense_keep_f32: promoting model.language_model.layers.57.linear_attn.A_log from BF16 to FP32 ([48])
[2m2026-09-20T23:40:08.280901Z[0m [32m INFO[0m [2mspark_model::weight_map::model_a[0m[2m:[0m dense_keep_f32: promoting model.language_model.layers.57.linear_attn.dt_bias from BF16 to FP32 ([48])
[2m2026-09-20T23:40:08.399153Z[0m [32m INFO[0m [2mspark_model::layers::qwen3_ssm::init[0m[2m:[0m M8A: gdn_tree_k handle = 271482820339248 (0 = NOT LOADED)
[2m2026-09-20T23:40:08.399177Z[0m [32m INFO[0m [2mspark_model::layers::qwen3_ssm::init[0m[2m:[0m M8A v2: gdn_tree_wy_k handle = 271482820446320 (0 = NOT LOADED)
[2m2026-09-20T23:40:08.401027Z[0m [32m INFO[0m [2mspark_model::layers::dense_ffn[0m[2m:[0m enabled checkpoint-static W4A4 activation scales [3mgate_up_input_scale[0m[2m=[0m0.0163690485060215 [3mdown_input_scale[0m[2m=[0m0.130952388048172
[2m2026-09-20T23:40:08.558883Z[0m [32m INFO[0m [2mspark_model::layers::dense_ffn[0m[2m:[0m admitted FlashInfer SM121 FFN prefill operands [3mlayer[0m[2m=[0m58 [3mlibrary[0m[2m=[0m/var/tmp/atlas-qwen38-fi-attn-build-20260828-09ce21ada384/artifact/libatlas_fi_fp4_sm121.so [3mlibrary_sha256[0m[2m=[0ma007a82566ca3d3115c8cc0e73e2bbfc0bd1c76b6342313fba7ee5483e49c020 [3mlibrary_device[0m[2m=[0m1 [3mlibrary_inode[0m[2m=[0m392980 [3mmerged_gate_up_weight[0m[2m=[0m0xf6d340000000 [3mdown_weight[0m[2m=[0m0xf6e2cfc00000 [3mmerged_gate_up_weight_hash[0m[2m=[0mf0defc658f2cb1ae [3mmerged_gate_up_scale_hash[0m[2m=[0m3c81f3ed12beb400 [3mdown_scale_hash[0m[2m=[0mf0f625bd257035fb [3mmerged_gate_up_alpha_bits[0m[2m=[0m364c55eb [3mdown_alpha_bits[0m[2m=[0m38194070 [3mmerged_gate_up_retained_bytes[0m[2m=[0m100270084 [3mscratch_cap_m[0m[2m=[0m8192 [3mscratch_cap_k[0m[2m=[0m17408 [3mscratch_packed_bytes[0m[2m=[0m71303168 [3mscratch_scale_bytes[0m[2m=[0m8912896
[2m2026-09-20T23:40:08.696240Z[0m [32m INFO[0m [2mspark_model::weight_map::model_a[0m[2m:[0m dense_keep_f32: promoting model.language_model.layers.58.linear_attn.A_log from BF16 to FP32 ([48])
[2m2026-09-20T23:40:08.696364Z[0m [32m INFO[0m [2mspark_model::weight_map::model_a[0m[2m:[0m dense_keep_f32: promoting model.language_model.layers.58.linear_attn.dt_bias from BF16 to FP32 ([48])
[2m2026-09-20T23:40:08.807301Z[0m [32m INFO[0m [2mspark_model::layers::qwen3_ssm::init[0m[2m:[0m M8A: gdn_tree_k handle = 271482820339248 (0 = NOT LOADED)
[2m2026-09-20T23:40:08.807334Z[0m [32m INFO[0m [2mspark_model::layers::qwen3_ssm::init[0m[2m:[0m M8A v2: gdn_tree_wy_k handle = 271482820446320 (0 = NOT LOADED)
[2m2026-09-20T23:40:08.809595Z[0m [32m INFO[0m [2mspark_model::layers::dense_ffn[0m[2m:[0m enabled checkpoint-static W4A4 activation scales [3mgate_up_input_scale[0m[2m=[0m0.01813616044819355 [3mdown_input_scale[0m[2m=[0m0.140625
[2m2026-09-20T23:40:08.969640Z[0m [32m INFO[0m [2mspark_model::layers::dense_ffn[0m[2m:[0m admitted FlashInfer SM121 FFN prefill operands [3mlayer[0m[2m=[0m59 [3mlibrary[0m[2m=[0m/var/tmp/atlas-qwen38-fi-attn-build-20260828-09ce21ada384/artifact/libatlas_fi_fp4_sm121.so [3mlibrary_sha256[0m[2m=[0ma007a82566ca3d3115c8cc0e73e2bbfc0bd1c76b6342313fba7ee5483e49c020 [3mlibrary_device[0m[2m=[0m1 [3mlibrary_inode[0m[2m=[0m396040 [3mmerged_gate_up_weight[0m[2m=[0m0xf6d326c00000 [3mdown_weight[0m[2m=[0m0xf6e2d8000000 [3mmerged_gate_up_weight_hash[0m[2m=[0m8cfe7ffd5cb4b384 [3mmerged_gate_up_scale_hash[0m[2m=[0m2823bbeed3a6912b [3mdown_scale_hash[0m[2m=[0mf7dcddee46b7c4a8 [3mmerged_gate_up_alpha_bits[0m[2m=[0m3629cbc2 [3mdown_alpha_bits[0m[2m=[0m3824924a [3mmerged_gate_up_retained_bytes[0m[2m=[0m100270084 [3mscratch_cap_m[0m[2m=[0m8192 [3mscratch_cap_k[0m[2m=[0m17408 [3mscratch_packed_bytes[0m[2m=[0m71303168 [3mscratch_scale_bytes[0m[2m=[0m8912896
[2m2026-09-20T23:40:09.164197Z[0m [32m INFO[0m [2mspark_model::weight_loader::qwen35_dense[0m[2m:[0m Loaded layers 0..60
[2m2026-09-20T23:40:09.164291Z[0m [32m INFO[0m [2mspark_model::layers::dense_ffn[0m[2m:[0m enabled checkpoint-static W4A4 activation scales [3mgate_up_input_scale[0m[2m=[0m0.0167410708963871 [3mdown_input_scale[0m[2m=[0m0.0725446417927742
[2m2026-09-20T23:40:09.328429Z[0m [32m INFO[0m [2mspark_model::layers::dense_ffn[0m[2m:[0m admitted FlashInfer SM121 FFN prefill operands [3mlayer[0m[2m=[0m60 [3mlibrary[0m[2m=[0m/var/tmp/atlas-qwen38-fi-attn-build-20260828-09ce21ada384/artifact/libatlas_fi_fp4_sm121.so [3mlibrary_sha256[0m[2m=[0ma007a82566ca3d3115c8cc0e73e2bbfc0bd1c76b6342313fba7ee5483e49c020 [3mlibrary_device[0m[2m=[0m1 [3mlibrary_inode[0m[2m=[0m392981 [3mmerged_gate_up_weight[0m[2m=[0m0xf6d300000000 [3mdown_weight[0m[2m=[0m0xf6e2a7200000 [3mmerged_gate_up_weight_hash[0m[2m=[0m9dd40b5414bc5820 [3mmerged_gate_up_scale_hash[0m[2m=[0mf9c0d796ff4c116f [3mdown_scale_hash[0m[2m=[0m13beae3bb5e5e0a7 [3mmerged_gate_up_alpha_bits[0m[2m=[0m361cbc15 [3mdown_alpha_bits[0m[2m=[0m37e26502 [3mmerged_gate_up_retained_bytes[0m[2m=[0m100270084 [3mscratch_cap_m[0m[2m=[0m8192 [3mscratch_cap_k[0m[2m=[0m17408 [3mscratch_packed_bytes[0m[2m=[0m71303168 [3mscratch_scale_bytes[0m[2m=[0m8912896
[2m2026-09-20T23:40:09.503277Z[0m [32m INFO[0m [2mspark_model::weight_map::model_a[0m[2m:[0m dense_keep_f32: promoting model.language_model.layers.60.linear_attn.A_log from BF16 to FP32 ([48])
[2m2026-09-20T23:40:09.503383Z[0m [32m INFO[0m [2mspark_model::weight_map::model_a[0m[2m:[0m dense_keep_f32: promoting model.language_model.layers.60.linear_attn.dt_bias from BF16 to FP32 ([48])
[2m2026-09-20T23:40:09.607383Z[0m [32m INFO[0m [2mspark_model::layers::qwen3_ssm::init[0m[2m:[0m M8A: gdn_tree_k handle = 271482820339248 (0 = NOT LOADED)
[2m2026-09-20T23:40:09.607409Z[0m [32m INFO[0m [2mspark_model::layers::qwen3_ssm::init[0m[2m:[0m M8A v2: gdn_tree_wy_k handle = 271482820446320 (0 = NOT LOADED)
[2m2026-09-20T23:40:09.609562Z[0m [32m INFO[0m [2mspark_model::layers::dense_ffn[0m[2m:[0m enabled checkpoint-static W4A4 activation scales [3mgate_up_input_scale[0m[2m=[0m0.0185081847012043 [3mdown_input_scale[0m[2m=[0m0.079613097012043
[2m2026-09-20T23:40:09.764726Z[0m [32m INFO[0m [2mspark_model::layers::dense_ffn[0m[2m:[0m admitted FlashInfer SM121 FFN prefill operands [3mlayer[0m[2m=[0m61 [3mlibrary[0m[2m=[0m/var/tmp/atlas-qwen38-fi-attn-build-20260828-09ce21ada384/artifact/libatlas_fi_fp4_sm121.so [3mlibrary_sha256[0m[2m=[0ma007a82566ca3d3115c8cc0e73e2bbfc0bd1c76b6342313fba7ee5483e49c020 [3mlibrary_device[0m[2m=[0m1 [3mlibrary_inode[0m[2m=[0m406808 [3mmerged_gate_up_weight[0m[2m=[0m0xf6d2ef400000 [3mdown_weight[0m[2m=[0m0xf6e2b0600000 [3mmerged_gate_up_weight_hash[0m[2m=[0m3f8c0de777319eef [3mmerged_gate_up_scale_hash[0m[2m=[0m9df176c93b60c2b2 [3mdown_scale_hash[0m[2m=[0mff55168328e270cf [3mmerged_gate_up_alpha_bits[0m[2m=[0m366709df [3mdown_alpha_bits[0m[2m=[0m3778741a [3mmerged_gate_up_retained_bytes[0m[2m=[0m100270084 [3mscratch_cap_m[0m[2m=[0m8192 [3mscratch_cap_k[0m[2m=[0m17408 [3mscratch_packed_bytes[0m[2m=[0m71303168 [3mscratch_scale_bytes[0m[2m=[0m8912896
[2m2026-09-20T23:40:09.897872Z[0m [32m INFO[0m [2mspark_model::weight_map::model_a[0m[2m:[0m dense_keep_f32: promoting model.language_model.layers.61.linear_attn.A_log from BF16 to FP32 ([48])
[2m2026-09-20T23:40:09.897965Z[0m [32m INFO[0m [2mspark_model::weight_map::model_a[0m[2m:[0m dense_keep_f32: promoting model.language_model.layers.61.linear_attn.dt_bias from BF16 to FP32 ([48])
[2m2026-09-20T23:40:09.985954Z[0m [32m INFO[0m [2mspark_model::layers::qwen3_ssm::init[0m[2m:[0m M8A: gdn_tree_k handle = 271482820339248 (0 = NOT LOADED)
[2m2026-09-20T23:40:09.985986Z[0m [32m INFO[0m [2mspark_model::layers::qwen3_ssm::init[0m[2m:[0m M8A v2: gdn_tree_wy_k handle = 271482820446320 (0 = NOT LOADED)
[2m2026-09-20T23:40:09.988104Z[0m [32m INFO[0m [2mspark_model::layers::dense_ffn[0m[2m:[0m enabled checkpoint-static W4A4 activation scales [3mgate_up_input_scale[0m[2m=[0m0.01999627985060215 [3mdown_input_scale[0m[2m=[0m0.1004464328289032
[2m2026-09-20T23:40:10.143998Z[0m [32m INFO[0m [2mspark_model::layers::dense_ffn[0m[2m:[0m admitted FlashInfer SM121 FFN prefill operands [3mlayer[0m[2m=[0m62 [3mlibrary[0m[2m=[0m/var/tmp/atlas-qwen38-fi-attn-build-20260828-09ce21ada384/artifact/libatlas_fi_fp4_sm121.so [3mlibrary_sha256[0m[2m=[0ma007a82566ca3d3115c8cc0e73e2bbfc0bd1c76b6342313fba7ee5483e49c020 [3mlibrary_device[0m[2m=[0m1 [3mlibrary_inode[0m[2m=[0m406809 [3mmerged_gate_up_weight[0m[2m=[0m0xf6d2a0000000 [3mdown_weight[0m[2m=[0m0xf6e2b9a00000 [3mmerged_gate_up_weight_hash[0m[2m=[0m6182213f54cd1e8b [3mmerged_gate_up_scale_hash[0m[2m=[0m2ef1e1680a3b76f9 [3mdown_scale_hash[0m[2m=[0m060f497e73bf2c0c [3mmerged_gate_up_alpha_bits[0m[2m=[0m363b35fd [3mdown_alpha_bits[0m[2m=[0m37eb1a21 [3mmerged_gate_up_retained_bytes[0m[2m=[0m100270084 [3mscratch_cap_m[0m[2m=[0m8192 [3mscratch_cap_k[0m[2m=[0m17408 [3mscratch_packed_bytes[0m[2m=[0m71303168 [3mscratch_scale_bytes[0m[2m=[0m8912896
[2m2026-09-20T23:40:10.291011Z[0m [32m INFO[0m [2mspark_model::weight_map::model_a[0m[2m:[0m dense_keep_f32: promoting model.language_model.layers.62.linear_attn.A_log from BF16 to FP32 ([48])
[2m2026-09-20T23:40:10.291101Z[0m [32m INFO[0m [2mspark_model::weight_map::model_a[0m[2m:[0m dense_keep_f32: promoting model.language_model.layers.62.linear_attn.dt_bias from BF16 to FP32 ([48])
[2m2026-09-20T23:40:10.394720Z[0m [32m INFO[0m [2mspark_model::layers::qwen3_ssm::init[0m[2m:[0m M8A: gdn_tree_k handle = 271482820339248 (0 = NOT LOADED)
[2m2026-09-20T23:40:10.394754Z[0m [32m INFO[0m [2mspark_model::layers::qwen3_ssm::init[0m[2m:[0m M8A v2: gdn_tree_wy_k handle = 271482820446320 (0 = NOT LOADED)
[2m2026-09-20T23:40:10.396706Z[0m [32m INFO[0m [2mspark_model::layers::dense_ffn[0m[2m:[0m enabled checkpoint-static W4A4 activation scales [3mgate_up_input_scale[0m[2m=[0m0.0212053582072258 [3mdown_input_scale[0m[2m=[0m0.1800595223903656
[2m2026-09-20T23:40:10.556321Z[0m [32m INFO[0m [2mspark_model::layers::dense_ffn[0m[2m:[0m admitted FlashInfer SM121 FFN prefill operands [3mlayer[0m[2m=[0m63 [3mlibrary[0m[2m=[0m/var/tmp/atlas-qwen38-fi-attn-build-20260828-09ce21ada384/artifact/libatlas_fi_fp4_sm121.so [3mlibrary_sha256[0m[2m=[0ma007a82566ca3d3115c8cc0e73e2bbfc0bd1c76b6342313fba7ee5483e49c020 [3mlibrary_device[0m[2m=[0m1 [3mlibrary_inode[0m[2m=[0m411652 [3mmerged_gate_up_weight[0m[2m=[0m0xf6d28c600000 [3mdown_weight[0m[2m=[0m0xf6e282c00000 [3mmerged_gate_up_weight_hash[0m[2m=[0mec08139d3e4d744a [3mmerged_gate_up_scale_hash[0m[2m=[0m21d99f2899242cd0 [3mdown_scale_hash[0m[2m=[0m5532ddafb2ded8ab [3mmerged_gate_up_alpha_bits[0m[2m=[0m364687d7 [3mdown_alpha_bits[0m[2m=[0m380c7b11 [3mmerged_gate_up_retained_bytes[0m[2m=[0m100270084 [3mscratch_cap_m[0m[2m=[0m8192 [3mscratch_cap_k[0m[2m=[0m17408 [3mscratch_packed_bytes[0m[2m=[0m71303168 [3mscratch_scale_bytes[0m[2m=[0m8912896
[2m2026-09-20T23:40:10.556356Z[0m [32m INFO[0m [2mspark_model::weight_loader::qwen35_dense::ffn[0m[2m:[0m FlashInfer SM121 FFN prefill construction complete [3mlayers[0m[2m=[0m64 [3mhidden[0m[2m=[0m5120 [3mintermediate[0m[2m=[0m17408
[2m2026-09-20T23:40:10.674052Z[0m [32m INFO[0m [2mspark_model::weight_loader::qwen35_dense[0m[2m:[0m Qwen3.5 dense weight loader: 64 layers (16 attention, 48 SSM, dense FFN)
[2m2026-09-20T23:40:10.674079Z[0m [32m INFO[0m [2mspark_model::weight_loader::transform_cache[0m[2m:[0m weight cache: 352 hits, 0 misses (read-only, /home/flocka/.cache/atlas-weight-cache/4a8bc2f7bd17b12854729750cf03db58)
[2m2026-09-20T23:40:10.674093Z[0m [32m INFO[0m [2mspark_model::weight_loader::qwen35_dense[0m[2m:[0m Loading dense MTP weights (Qwen3.5/3.6 27B-class)...
[2m2026-09-20T23:40:10.674097Z[0m [32m INFO[0m [2mspark_model::weight_loader::qwen35_dense[0m[2m:[0m Dense MTP weights loaded: 1 attention layer + dense MLP (no expert routing)
[2m2026-09-20T23:40:10.684433Z[0m [32m INFO[0m [2mspark_model::weight_loader::qwen35[0m[2m:[0m Qwen3.6 vision encoder loaded: depth=27, hidden=1152, heads=16, FP8-blocks>=4
[2m2026-09-20T23:40:10.737189Z[0m [32m INFO[0m [2mspark_model::factory::build[0m[2m:[0m LM head quantized to NVFP4 (vocab=248077)
[2m2026-09-20T23:40:10.838990Z[0m [32m INFO[0m [2mspark_runtime::buffers[0m[2m:[0m Buffer arena: 8193 tokens × 2870.3 MB total (attn_out=96.0MB, ssm_deint=256.0MB, kv_lora_rank=0)
[2m2026-09-20T23:40:10.839098Z[0m [32m INFO[0m [2mspark_model::factory::build[0m[2m:[0m KV cache capped to addressable size: 770 blocks (1 batch × (768 blocks/seq + 1 spare) + 1 dummy) instead of the budget-derived 44425 blocks — saves 12.0 GB
[2m2026-09-20T23:40:10.839102Z[0m [32m INFO[0m [2mspark_model::factory::build[0m[2m:[0m KV cache (post-construction): 35.0 GB free, 22.2 GB allocatable, 770 blocks × 16 tok/block = 12320 max tokens
[2m2026-09-20T23:40:10.849502Z[0m [32m INFO[0m [2mspark_runtime::kv_cache::paged_impl[0m[2m:[0m KV cache: 770 blocks × 16 layers × 18432 bytes/block = 0.2 GB total
[2m2026-09-20T23:40:10.849581Z[0m [32m INFO[0m [2matlas::lm_head[0m[2m:[0m LM_HEAD_EXACT_STARTUP [3mpolicy[0m[2m=[0m"exact_dynamic_m_or_serial_k1" [3mm4[0m[2m=[0mtrue [3mm8[0m[2m=[0mtrue [3mm17[0m[2m=[0mtrue [3mm32[0m[2m=[0mtrue [3mrt2[0m[2m=[0mfalse
[2m2026-09-20T23:40:10.849633Z[0m [32m INFO[0m [2mspark_model::model::impl_a1[0m[2m:[0m TransformerModel: 64 layers, vocab=248077, hidden=5120
[2m2026-09-20T23:40:10.849636Z[0m [32m INFO[0m [2mspark_model::model::impl_a1[0m[2m:[0m ATLAS_DDTREE_MAX_NODES: wide-tree verify capacity = 16 (flat width dflash_kgamma = 8, kernel K_MAX = 32)
[2m2026-09-20T23:40:10.849707Z[0m [32m INFO[0m [2mspark_model::model::ssm_pool[0m[2m:[0m SSM pool pre-flight: 48 layers × 2 slots × (ni=17) = 5.6 GB predicted (2.81 GB/slot), 34.8 GB free
[2m2026-09-20T23:40:12.391460Z[0m [32m INFO[0m [2mspark_model::model::ssm_pool[0m[2m:[0m SSM MTP pools (17 intermediates + checkpoints): 5454 MB
[2m2026-09-20T23:40:12.391494Z[0m [32m INFO[0m [2mspark_model::model::ssm_pool[0m[2m:[0m SSM state pool: 1 slots × 48 layers = 5757 MB
[2m2026-09-20T23:40:12.391536Z[0m [32m INFO[0m [2mspark_model::model::impl_a1[0m[2m:[0m M8A: allocated graph-safe parent_ids buffer (16 slots, ptr=DevicePtr(271423037764608))
[2m2026-09-20T23:40:12.391552Z[0m [32m INFO[0m [2mspark_model::model::impl_a1[0m[2m:[0m ATLAS_TREE_AWARE_ATTN: allocated indirection buffer (16x16 i32, ptr=DevicePtr(271423037765120))
[2m2026-09-20T23:40:12.391582Z[0m [32m INFO[0m [2mspark_model::model::impl_a1[0m[2m:[0m ATLAS_TREE_AWARE_ATTN: allocated kv_indir_base buffer (1xi32, dev=DevicePtr(271423037766144), host_pinned=0xf6e0f2206000)
[2m2026-09-20T23:40:14.069011Z[0m [32m INFO[0m [2mspark_model::model::ssm_snapshot[0m[2m:[0m SSM snapshot pool: Marconi 16 slots (2424 MB), decode-rollback 3 slots × 1 seqs (454 MB), 48 layers
[2m2026-09-20T23:40:14.069199Z[0m [32m INFO[0m [2mspark_model::model::impl_a1[0m[2m:[0m Marconi intermediate checkpoints: every 256 blocks (4096 tokens at block_size=16)
[2m2026-09-20T23:40:17.262899Z[0m [32m INFO[0m [2mspark_model::model::impl_a1[0m[2m:[0m lm_head NVFP4-T built for DFlash drafter sharing (vocab=248077)
[2m2026-09-20T23:40:17.272284Z[0m [32m INFO[0m [2mspark_runtime::kv_cache::paged_impl[0m[2m:[0m KV cache: 769 blocks × 1 layers × 32768 bytes/block = 0.0 GB total
[2m2026-09-20T23:40:17.272482Z[0m [32m INFO[0m [2mspark_model::layers::mtp_head::new[0m[2m:[0m Dense MTP head: Bf16, fc=[5120,10240], attn Q=[12288,5120], MLP I=17408, vocab=248077/248077 (LM head 605.7 MB)
[2m2026-09-20T23:40:17.272887Z[0m [32m INFO[0m [2mspark_model::layers::mtp_head::new[0m[2m:[0m Dense MTP FP8 KV calibration: disabled (ATLAS_MTP_FP8_CALIB=0)
[2m2026-09-20T23:40:17.286963Z[0m [32m INFO[0m [2mspark_model::model::impl_a1_init[0m[2m:[0m Dense MTP speculative decoding: ENABLED (single-module, dense MLP)
[2m2026-09-20T23:40:17.308900Z[0m [32m INFO[0m [2mspark_model::model::impl_a1[0m[2m:[0m Pinned metadata staging: 227 KB
[2m2026-09-20T23:40:17.462502Z[0m [32m INFO[0m [2mspark_model::model::impl_a1[0m[2m:[0m GDN prefill buffers: 355 MB for 8193 tokens (chunked SSM prefill)
[2m2026-09-20T23:40:17.468689Z[0m [32m INFO[0m [2mspark_model::weight_loader::dflash_loader[0m[2m:[0m Drafter weights loaded: family=dflash, 5 layers, hidden=5120, vocab=248320, checkpoint_block_size=8, target_layers=[5, 19, 33, 47, 61], markov=false, confidence=false, dflash2=true selector=true conv_per_layer=5
[2m2026-09-20T23:40:17.474985Z[0m [32m INFO[0m [2mspark_model::layers::dflash_head::from_weights[0m[2m:[0m DFlash ctx_window = 4096 (set ATLAS_DFLASH_CTX_WINDOW to override; drafter trained on full captured prefix — larger is better, scratch grows linearly)
[2m2026-09-20T23:40:17.474991Z[0m [32m INFO[0m [2mspark_model::layers::dflash_head::from_weights[0m[2m:[0m DFlash draft context storage: active=BF16 circular, window=4096, per-sequence K/V=80.0 MiB + FC=40.0 MiB; paged FP8=unsupported/not allocated
[2m2026-09-20T23:40:17.685602Z[0m [32m INFO[0m [2mspark_model::layers::dflash_head::draft_splitk[0m[2m:[0m DFlash drafter split-K ENABLED (ATLAS_DFLASH_DRAFT_SPLITK=8): q/kv/o/down projections slice K across gridDim.z. Reassociated FP32 partials — drafts may shift, commits cannot (target argmax verifies).
[2m2026-09-20T23:40:17.691165Z[0m [32m INFO[0m [2mspark_model::layers::dflash_head::from_weights[0m[2m:[0m DFlash vanilla RoPE inv_freq: 64 pairs, theta=10000000 (drafter has no rope_scaling)
[2m2026-09-20T23:40:17.693519Z[0m [32m INFO[0m [2mspark_model::layers::dflash_head::from_weights[0m[2m:[0m DFlash checkpoint declares is_causal=false: forcing all 5 drafter layers non-causal (was 5 causal); per-layer SWA windows are unchanged
[2m2026-09-20T23:40:17.693554Z[0m [32m INFO[0m [2mspark_model::layers::dflash_head::from_weights[0m[2m:[0m DFlash per-layer SWA: 5/5 layers use sliding_window=2048; causal_layers=0/5 mode=noncausal
[2m2026-09-20T23:40:18.712336Z[0m [32m INFO[0m [2mspark_model::layers::dflash_head::from_weights[0m[2m:[0m DFlash drafter quantized to NVFP4 (5 layers × 7 dense + fc); BF16 source buffers RETAINED, not freed (~3.3 GB held for the process lifetime) — gpu.free() on GB10 UVM posts in-band TLB invalidations that corrupt neighbouring allocations (BUG #29, see the comment above and weight_loader/nemotron.rs:49); ffn_kgamma_t=true attn_kgamma_t=true
[2m2026-09-20T23:40:19.673052Z[0m [32m INFO[0m [2mspark_model::layers::dflash_head::from_weights[0m[2m:[0m DFlash propose lm_head FP8: [248077 x 5120] absmax=0.3398 scale=2^9 (1/s folded into final norm)
[2m2026-09-20T23:40:19.673088Z[0m [32m INFO[0m [2mspark_model::layers::dflash_head::from_weights[0m[2m:[0m BlockDiffusionDraftHead loaded: family=dflash, checkpoint_block_size=8, verify_width=8, 5 layers, hidden=5120, intermediate=17408, GQA 32/8, head_dim=128, γ=7, vocab=248320, mask_token_id=248070, target_layers=[5, 19, 33, 47, 61]
[2m2026-09-20T23:40:19.673347Z[0m [32m INFO[0m [2mspark_model::model::impl_b3[0m[2m:[0m DFlash: BlockDiffusionDraftHead installed as proposer arm 0; existing MTP proposer DEMOTED to arm 1 (gate-selectable)
[2m2026-09-20T23:40:19.673349Z[0m [32m INFO[0m [2mspark_model::factory::build[0m[2m:[0m DFlash drafter installed as the active proposer
[2m2026-09-20T23:40:19.674239Z[0m [32m INFO[0m [2mspark::main_modules::serve_phases::runtime[0m[2m:[0m EOS tokens (from generation_config.json): [248046, 248044]
[2m2026-09-20T23:40:19.674506Z[0m [32m INFO[0m [2mspark::main_modules::serve_phases::runtime[0m[2m:[0m Default sampling: temperature=1, top_k=20, top_p=0.95, top_n_sigma=1, min_p=0
[2m2026-09-20T23:40:19.674511Z[0m [32m INFO[0m [2mspark::main_modules::serve_phases::sampling_audit[0m[2m:[0m Resolved sampling preset [3mcategory[0m[2m=[0m"thinking_text" [3mtemperature[0m[2m=[0m0.6 [3mtop_p[0m[2m=[0m0.95 [3mtop_k[0m[2m=[0m20 [3mmin_p[0m[2m=[0m0 [3mpresence_penalty[0m[2m=[0m0 [3mfrequency_penalty[0m[2m=[0m0 [3mrepetition_penalty[0m[2m=[0m1 [3mlz_penalty[0m[2m=[0m0 [3mdry_multiplier[0m[2m=[0m0 [3mdry_base[0m[2m=[0m1.75 [3mdry_allowed_length[0m[2m=[0m2
[2m2026-09-20T23:40:19.674745Z[0m [32m INFO[0m [2mspark::main_modules::serve_phases::sampling_audit[0m[2m:[0m Resolved sampling preset [3mcategory[0m[2m=[0m"thinking_coding" [3mtemperature[0m[2m=[0m0.6 [3mtop_p[0m[2m=[0m0.95 [3mtop_k[0m[2m=[0m20 [3mmin_p[0m[2m=[0m0 [3mpresence_penalty[0m[2m=[0m0 [3mfrequency_penalty[0m[2m=[0m0 [3mrepetition_penalty[0m[2m=[0m1 [3mlz_penalty[0m[2m=[0m0 [3mdry_multiplier[0m[2m=[0m0 [3mdry_base[0m[2m=[0m1.75 [3mdry_allowed_length[0m[2m=[0m2
[2m2026-09-20T23:40:19.674748Z[0m [32m INFO[0m [2mspark::main_modules::serve_phases::sampling_audit[0m[2m:[0m Resolved sampling preset [3mcategory[0m[2m=[0m"non_thinking" [3mtemperature[0m[2m=[0m0.7 [3mtop_p[0m[2m=[0m0.8 [3mtop_k[0m[2m=[0m20 [3mmin_p[0m[2m=[0m0 [3mpresence_penalty[0m[2m=[0m0 [3mfrequency_penalty[0m[2m=[0m0 [3mrepetition_penalty[0m[2m=[0m1 [3mlz_penalty[0m[2m=[0m0 [3mdry_multiplier[0m[2m=[0m0 [3mdry_base[0m[2m=[0m1.75 [3mdry_allowed_length[0m[2m=[0m2
[2m2026-09-20T23:40:19.674750Z[0m [32m INFO[0m [2mspark::main_modules::serve_phases::sampling_audit[0m[2m:[0m Resolved sampling preset [3mcategory[0m[2m=[0m"tools" [3mtemperature[0m[2m=[0m0.6 [3mtop_p[0m[2m=[0m0.95 [3mtop_k[0m[2m=[0m20 [3mmin_p[0m[2m=[0m0 [3mpresence_penalty[0m[2m=[0m0 [3mfrequency_penalty[0m[2m=[0m0 [3mrepetition_penalty[0m[2m=[0m1 [3mlz_penalty[0m[2m=[0m0 [3mdry_multiplier[0m[2m=[0m0 [3mdry_base[0m[2m=[0m1.75 [3mdry_allowed_length[0m[2m=[0m2
[2m2026-09-20T23:40:19.882053Z[0m [32m INFO[0m [2mspark::tokenizer::jinja_helpers[0m[2m:[0m Loaded Jinja chat template from tokenizer_config.json (8964 chars)
[2m2026-09-20T23:40:19.885284Z[0m [32m INFO[0m [2mspark::tokenizer::jinja_helpers[0m[2m:[0m Using override Jinja template from ./jinja-templates/qwen3_5.jinja (8079 chars)
[2m2026-09-20T23:40:19.885308Z[0m [32m INFO[0m [2mspark::tokenizer::jinja_helpers[0m[2m:[0m Using checkpoint-owned dense-Qwen template (native reasoning_effort/preserve_thinking contract)
[2m2026-09-20T23:40:19.888553Z[0m [32m INFO[0m [2mspark::tokenizer::chat_impl[0m[2m:[0m Loaded tokenizer from /home/flocka/atlas/qwen38/optimized-qwen/tokenizer.json
[2m2026-09-20T23:40:19.904762Z[0m [32m INFO[0m [2mspark::main_modules::serve_phases::tokenizer_runtime[0m[2m:[0m Reasoning parser: qwen (auto-detected from model_type 'qwen3_5')
[2m2026-09-20T23:40:19.905090Z[0m [32m INFO[0m [2mspark::main_modules::serve_phases::tokenizer_runtime[0m[2m:[0m Code-fence token: 71093 (``` — F2 fence guard active)
[2m2026-09-20T23:40:19.993261Z[0m [32m INFO[0m [2mspark::main_modules::serve_phases::tokenizer_runtime[0m[2m:[0m Numeric-token mask: 10/248077 ids classified as digit-runs (digit-normalized content-loop path active)
[2m2026-09-20T23:40:20.082222Z[0m [32m INFO[0m [2mspark::main_modules::serve_phases::tokenizer_runtime[0m[2m:[0m Boundary-token mask: 620/248077 ids end in a newline / sentence boundary (Phase-C rollback-to-boundary active)
[2m2026-09-20T23:40:20.082247Z[0m [32m INFO[0m [2mspark::main_modules::serve_phases::tokenizer_runtime[0m[2m:[0m Thinking end token: 248069 (</think>)
[2m2026-09-20T23:40:20.082249Z[0m [32m INFO[0m [2mspark::main_modules::serve_phases::tokenizer_runtime[0m[2m:[0m Thinking start token: 248068 (<think>)
[2m2026-09-20T23:40:20.082257Z[0m [32m INFO[0m [2mspark::main_modules::serve_phases::tokenizer_runtime[0m[2m:[0m ChatML role-boundary hard stop: <|im_start|> (id 248045) registered
[2m2026-09-20T23:40:20.082311Z[0m [32m INFO[0m [2mspark::main_modules::serve_phases::tokenizer_runtime[0m[2m:[0m Reflection suppression tokens: 7 IDs resolved
[2m2026-09-20T23:40:20.082339Z[0m [32m INFO[0m [2mspark::main_modules::serve_phases::tokenizer_runtime[0m[2m:[0m Tool call start token: 248058 (<tool_call>)
[2m2026-09-20T23:40:20.082343Z[0m [32m INFO[0m [2mspark::main_modules::serve_phases::tokenizer_runtime[0m[2m:[0m Tool call end token: 248059 (</tool_call>)
[2m2026-09-20T23:40:20.232556Z[0m [32m INFO[0m [2mspark::grammar::engine[0m[2m:[0m Grammar: detected tokenizer vocab_type=byte_level, add_prefix_space=false
[2m2026-09-20T23:40:20.302990Z[0m [32m INFO[0m [2mspark::main_modules::serve_phases::tokenizer_runtime[0m[2m:[0m Grammar engine initialized (vocab_size=248077, vocab_type=auto-detected from tokenizer)
[2m2026-09-20T23:40:20.303560Z[0m [32m INFO[0m [2mspark::main_modules::serve[0m[2m:[0m DFlash speculative decoding: ENABLED (γ=7, window=4096, drafter installed)
[2m2026-09-20T23:40:20.303584Z[0m [32m INFO[0m [2mspark::main_modules::serve[0m[2m:[0m Scheduling policy: FIFO
[2m2026-09-20T23:40:20.316536Z[0m [32m INFO[0m [2mspark::main_modules::serve_phases::runtime[0m[2m:[0m Tool call parser: qwen3_coder (auto-detected from model_type 'qwen3_5')
[2m2026-09-20T23:40:20.316889Z[0m [32m INFO[0m [2mspark::main_modules::serve_phases::runtime[0m[2m:[0m Tool call parser: 'qwen3_coder' has registered XGrammar grammar — constrained decoding ENABLED for tool requests
[2m2026-09-20T23:40:20.316928Z[0m [32m INFO[0m [2mspark::main_modules::serve_phases::runtime[0m[2m:[0m Response store: max_entries=10000, ttl=86400s, persist=memory-only
[2m2026-09-20T23:40:20.316933Z[0m [32m INFO[0m [2mspark::main_modules::serve_phases::runtime[0m[2m:[0m Model behavior: max_thinking_budget=2048 (CLI override), thinking_default=true
[2m2026-09-20T23:40:20.316936Z[0m [32m INFO[0m [2mspark::main_modules::serve_phases::runtime[0m[2m:[0m Model behavior: content-loop watchdog DISABLED (CLI override)
[2m2026-09-20T23:40:20.316949Z[0m [32m INFO[0m [2mspark::main_modules::serve_phases::runtime[0m[2m:[0m Model behavior: thinking-loop watchdog ENABLED
[2m2026-09-20T23:40:20.316952Z[0m [32m INFO[0m [2mspark::main_modules::serve_phases::runtime[0m[2m:[0m Model behavior: effective inter-tool prose cap (u32::MAX = disabled) [3mmax_inter_tool_prose[0m[2m=[0m3072
[2m2026-09-20T23:40:20.316954Z[0m [32m INFO[0m [2mspark::main_modules::serve_phases::runtime[0m[2m:[0m Model behavior: F2 confidence early-stop DISABLED
[2m2026-09-20T23:40:20.316956Z[0m [32m INFO[0m [2mspark::main_modules::serve_phases::runtime[0m[2m:[0m Model behavior: API SimHash semantic-loop watchdog DISABLED
[2m2026-09-20T23:40:20.316957Z[0m [32m INFO[0m [2mspark::main_modules::serve_phases::runtime[0m[2m:[0m Model behavior: watchdog rollback+re-steer ENABLED (cap 2 per sequence)
[2m2026-09-20T23:40:20.316958Z[0m [32m INFO[0m [2mspark::main_modules::serve_phases::runtime[0m[2m:[0m --disable-thinking set: thinking is forced OFF for every request
[2m2026-09-20T23:40:20.316979Z[0m [32m INFO[0m [2mspark::main_modules::serve[0m[2m:[0m runtime profile toggle armed: SIGUSR1=enable SIGUSR2=disable
[2m2026-09-20T23:40:20.316977Z[0m [32m INFO[0m [2mspark::scheduler[0m[2m:[0m DFlash spec-cycle schema 2 timing armed (C=1, async=0)
[2m2026-09-20T23:40:20.317006Z[0m [32m INFO[0m [2mspark::scheduler[0m[2m:[0m spec-entry dispatch provenance [3menv[0m[2m=[0m"ATLAS_SPEC_ENTRY_PIN" [3mtokens[0m[2m=[0m8 [3msource[0m[2m=[0m"default" [3mgate_armed[0m[2m=[0mfalse
[2m2026-09-20T23:40:20.317271Z[0m [32m INFO[0m [2mspark::scheduler[0m[2m:[0m Scheduler started (batched mode, max_batch=1, mtp=true, ngram=false, num_drafts=7, policy=fifo, chunked_prefill=true, max_prefill_tokens=8192)
[2m2026-09-20T23:40:20.317874Z[0m [32m INFO[0m [2mspark::scheduler[0m[2m:[0m Swap space: 3 GB at /tmp/atlas-swap/
[2m2026-09-20T23:40:20.317988Z[0m [32m INFO[0m [2mspark::main_modules::serve_router[0m[2m:[0m API reachable only from this machine (loopback). To expose on the LAN pass --bind 0.0.0.0; combine with --require-auth and --auth-tokens-file for non-trusted networks.
[2m2026-09-20T23:40:20.318011Z[0m [32m INFO[0m [2mspark::main_modules::serve_router[0m[2m:[0m Listening on 127.0.0.1:8896
[2m2026-09-20T23:40:20.962391Z[0m [32m INFO[0m [2mspark::scheduler::prefill_a_step[0m[2m:[0m Chunked prefill start: 2048 prompt tokens, chunk_size=2048, max_tokens=1
[2m2026-09-20T23:40:21.042037Z[0m [32m INFO[0m [2mspark_model::layers::qwen3_ssm::trait_prefill_gdn[0m[2m:[0m ATLAS_GDN_PREFILL_GATECACHE engaged: WY32 cached gate products for M=2048
[2m2026-09-20T23:40:21.133526Z[0m [32m INFO[0m [2mspark_model::layers::dense_ffn[0m[2m:[0m routed Qwen3.8 dense FFN prefill through FlashInfer SM121 [3mlayer[0m[2m=[0m0 [3mm[0m[2m=[0m2048 [3mtactic[0m[2m=[0m4 [3mfamily[0m[2m=[0m"ffn_merged_gate_up"
ATLAS_PREFILL_FFN_FLASHINFER ENGAGED family=ffn_merged_gate_up layer=0 M=2048 tactic=4
[2m2026-09-20T23:40:21.134190Z[0m [32m INFO[0m [2mspark_model::layers::dense_ffn[0m[2m:[0m routed Qwen3.8 dense FFN prefill through FlashInfer SM121 [3mlayer[0m[2m=[0m0 [3mm[0m[2m=[0m2048 [3mtactic[0m[2m=[0m4 [3mfamily[0m[2m=[0m"ffn_down"
ATLAS_PREFILL_FFN_FLASHINFER ENGAGED family=ffn_down layer=0 M=2048 tactic=4
[2m2026-09-20T23:40:21.185478Z[0m [32m INFO[0m [2mspark_model::layers::qwen3_attention::prefill_weights[0m[2m:[0m ENGAGED ATLAS_PREFILL_PROJ_PIPE_M128: q_proj (first) M=2048 N=12288 K=5120
[2m2026-09-20T23:40:22.773126Z[0m [32m INFO[0m [2mspark_model::model::trait_impl::prefill_b::finalize_last[0m[2m:[0m Saved SSM snapshot 0 for 2048 tokens (128 blocks) [chunk]
[2m2026-09-20T23:40:22.780040Z[0m [32m INFO[0m [2mspark::scheduler::prefill_a_step[0m[2m:[0m Prefill first token: 760
[2m2026-09-20T23:40:22.780440Z[0m [32m INFO[0m [2mspark::scheduler::lifecycle[0m[2m:[0m Done: 1 tokens (length) 72421.8 tok/s, TTFT=1817.8ms
[2m2026-09-20T23:40:22.790012Z[0m [32m INFO[0m [2mspark::scheduler::prefill_a_step[0m[2m:[0m Chunked prefill start: 2048 prompt tokens, chunk_size=2048, max_tokens=1
[2m2026-09-20T23:40:22.893992Z[0m [32m INFO[0m [2mspark_model::model::trait_impl::prefill_b::finalize_last[0m[2m:[0m Saved SSM snapshot 1 for 2048 tokens (128 blocks) [chunk]
[2m2026-09-20T23:40:24.312441Z[0m [32m INFO[0m [2mspark::scheduler::prefill_a_step[0m[2m:[0m Prefill first token: 760
[2m2026-09-20T23:40:24.312465Z[0m [32m INFO[0m [2mspark::scheduler::lifecycle[0m[2m:[0m Done: 1 tokens (length) 106837.6 tok/s, TTFT=1522.4ms
[2m2026-09-20T23:40:24.323074Z[0m [32m INFO[0m [2mspark::scheduler::prefill_a_step[0m[2m:[0m Chunked prefill start: 2048 prompt tokens, chunk_size=2048, max_tokens=1
[2m2026-09-20T23:40:24.425014Z[0m [32m INFO[0m [2mspark_model::model::trait_impl::prefill_b::finalize_last[0m[2m:[0m Saved SSM snapshot 2 for 2048 tokens (128 blocks) [chunk]
[2m2026-09-20T23:40:25.845032Z[0m [32m INFO[0m [2mspark::scheduler::prefill_a_step[0m[2m:[0m Prefill first token: 760
[2m2026-09-20T23:40:25.845052Z[0m [32m INFO[0m [2mspark::scheduler::lifecycle[0m[2m:[0m Done: 1 tokens (length) 137665.2 tok/s, TTFT=1522.0ms
[2m2026-09-20T23:40:25.855362Z[0m [32m INFO[0m [2mspark::scheduler::prefill_a_step[0m[2m:[0m Chunked prefill start: 2048 prompt tokens, chunk_size=2048, max_tokens=1
[2m2026-09-20T23:40:25.956321Z[0m [32m INFO[0m [2mspark_model::model::trait_impl::prefill_b::finalize_last[0m[2m:[0m Saved SSM snapshot 3 for 2048 tokens (128 blocks) [chunk]
[2m2026-09-20T23:40:27.379444Z[0m [32m INFO[0m [2mspark::scheduler::prefill_a_step[0m[2m:[0m Prefill first token: 760
[2m2026-09-20T23:40:27.379464Z[0m [32m INFO[0m [2mspark::scheduler::lifecycle[0m[2m:[0m Done: 1 tokens (length) 129132.2 tok/s, TTFT=1524.1ms
[2m2026-09-20T23:40:27.389368Z[0m [32m INFO[0m [2mspark::scheduler::prefill_a_step[0m[2m:[0m Chunked prefill start: 2048 prompt tokens, chunk_size=2048, max_tokens=1
[2m2026-09-20T23:40:27.491304Z[0m [32m INFO[0m [2mspark_model::model::trait_impl::prefill_b::finalize_last[0m[2m:[0m Saved SSM snapshot 4 for 2048 tokens (128 blocks) [chunk]
[2m2026-09-20T23:40:28.912581Z[0m [32m INFO[0m [2mspark::scheduler::prefill_a_step[0m[2m:[0m Prefill first token: 760
[2m2026-09-20T23:40:28.912607Z[0m [32m INFO[0m [2mspark::scheduler::lifecycle[0m[2m:[0m Done: 1 tokens (length) 118821.3 tok/s, TTFT=1523.2ms
[2m2026-09-20T23:40:28.922759Z[0m [32m INFO[0m [2mspark::scheduler::prefill_a_step[0m[2m:[0m Chunked prefill start: 2048 prompt tokens, chunk_size=2048, max_tokens=1
[2m2026-09-20T23:40:29.025918Z[0m [32m INFO[0m [2mspark_model::model::trait_impl::prefill_b::finalize_last[0m[2m:[0m Saved SSM snapshot 5 for 2048 tokens (128 blocks) [chunk]
[2m2026-09-20T23:40:30.448697Z[0m [32m INFO[0m [2mspark::scheduler::prefill_a_step[0m[2m:[0m Prefill first token: 760
[2m2026-09-20T23:40:30.448724Z[0m [32m INFO[0m [2mspark::scheduler::lifecycle[0m[2m:[0m Done: 1 tokens (length) 115313.7 tok/s, TTFT=1526.0ms
[2m2026-09-20T23:40:30.476430Z[0m [32m INFO[0m [2mspark::tui::shutdown[0m[2m:[0m Shutdown requested (SIGINT) — draining in-flight requests
[2m2026-09-20T23:40:30.494024Z[0m [32m INFO[0m [2mspark::scheduler[0m[2m:[0m Scheduler stopped
[2m2026-09-20T23:40:30.494145Z[0m [32m INFO[0m [2mspark::main_modules::serve_router[0m[2m:[0m Shutdown complete
